-- Banking Tables Schema and Sample Data (UK)
-- Dataset: autonomous_data_analyst
-- Run with: bq query --use_legacy_sql=false < scripts/create_banking_tables.sql

-- ============================================
-- 1. BRANCHES TABLE
-- ============================================
CREATE OR REPLACE TABLE `autonomous_data_analyst.branches` (
  branch_id STRING NOT NULL,
  branch_name STRING NOT NULL,
  address STRING,
  city STRING,
  county STRING,
  postcode STRING,
  phone STRING,
  manager_name STRING,
  opened_date DATE,
  is_active BOOL DEFAULT TRUE
);

INSERT INTO `autonomous_data_analyst.branches` VALUES
('BR001', 'London City', '100 Threadneedle Street', 'London', 'Greater London', 'EC2R 8AH', '020 7946 0101', 'Sarah Johnson', '2010-01-15', TRUE),
('BR002', 'Westminster', '250 Victoria Street', 'London', 'Greater London', 'SW1E 5NE', '020 7946 0102', 'Michael Chen', '2012-06-20', TRUE),
('BR003', 'Manchester Central', '45 Deansgate', 'Manchester', 'Greater Manchester', 'M3 2BW', '0161 496 0103', 'Emily Davies', '2015-03-10', TRUE),
('BR004', 'Birmingham New Street', '78 New Street', 'Birmingham', 'West Midlands', 'B2 4BA', '0121 496 0104', 'Robert Wilson', '2018-09-05', TRUE),
('BR005', 'Leeds City Centre', '32 The Headrow', 'Leeds', 'West Yorkshire', 'LS1 8EQ', '0113 496 0105', 'Lisa Martinez', '2019-11-22', TRUE),
('BR006', 'Canary Wharf', '1 Canada Square', 'London', 'Greater London', 'E14 5AB', '020 7946 0106', 'James Brown', '2011-04-18', TRUE),
('BR007', 'Edinburgh Princes Street', '55 Princes Street', 'Edinburgh', 'Midlothian', 'EH2 2DG', '0131 496 0107', 'Amanda White', '2008-02-28', TRUE),
('BR008', 'Bristol Harbourside', '12 Harbourside', 'Bristol', 'Avon', 'BS1 5BD', '0117 496 0108', 'David Lee', '2020-07-14', TRUE),
('BR009', 'Glasgow Buchanan Street', '89 Buchanan Street', 'Glasgow', 'Lanarkshire', 'G1 3HL', '0141 496 0109', 'Jennifer Taylor', '2013-12-01', TRUE),
('BR010', 'Cambridge Market Square', '20 Market Square', 'Cambridge', 'Cambridgeshire', 'CB2 3QJ', '01223 496110', 'Thomas Anderson', '2017-05-30', TRUE);

-- ============================================
-- 2. CUSTOMERS TABLE
-- ============================================
CREATE OR REPLACE TABLE `autonomous_data_analyst.customers` (
  customer_id STRING NOT NULL,
  first_name STRING NOT NULL,
  last_name STRING NOT NULL,
  email STRING,
  phone STRING,
  date_of_birth DATE,
  address STRING,
  city STRING,
  county STRING,
  postcode STRING,
  ni_number_last_four STRING,
  created_at TIMESTAMP,
  updated_at TIMESTAMP,
  is_active BOOL DEFAULT TRUE,
  credit_score INT64,
  annual_income NUMERIC,
  employment_status STRING,
  primary_branch_id STRING
);

INSERT INTO `autonomous_data_analyst.customers` VALUES
('C0001', 'John', 'Smith', 'john.smith@email.co.uk', '07700 900001', '1985-03-15', '12 Oak Lane', 'London', 'Greater London', 'SW1A 1AA', '1234', TIMESTAMP('2020-01-15 10:30:00'), TIMESTAMP('2024-01-10 14:20:00'), TRUE, 750, 65000.00, 'Employed', 'BR001'),
('C0002', 'Maria', 'Garcia', 'maria.garcia@email.co.uk', '07700 900002', '1990-07-22', '45 Elm Street', 'London', 'Greater London', 'W1B 3HH', '2345', TIMESTAMP('2020-02-20 11:45:00'), TIMESTAMP('2024-02-15 09:30:00'), TRUE, 720, 52000.00, 'Employed', 'BR001'),
('C0003', 'David', 'Johnson', 'david.j@email.co.uk', '07700 900003', '1978-11-08', '78 Pine Road', 'Manchester', 'Greater Manchester', 'M1 1AE', '3456', TIMESTAMP('2019-06-10 09:00:00'), TIMESTAMP('2023-12-20 16:45:00'), TRUE, 680, 48000.00, 'Employed', 'BR003'),
('C0004', 'Sarah', 'Williams', 'sarah.w@email.co.uk', '07700 900004', '1992-04-30', '32 Maple Avenue', 'Manchester', 'Greater Manchester', 'M2 5BQ', '4567', TIMESTAMP('2021-03-25 14:15:00'), TIMESTAMP('2024-03-01 11:00:00'), TRUE, 790, 72000.00, 'Employed', 'BR003'),
('C0005', 'Michael', 'Brown', 'michael.b@email.co.uk', '07700 900005', '1982-09-12', '65 Cedar Boulevard', 'London', 'Greater London', 'WC2N 5DU', '5678', TIMESTAMP('2018-11-05 16:30:00'), TIMESTAMP('2024-01-25 13:20:00'), TRUE, 710, 58000.00, 'Employed', 'BR002'),
('C0006', 'Jennifer', 'Davies', 'jennifer.d@email.co.uk', '07700 900006', '1988-01-25', '98 Birch Lane', 'Leeds', 'West Yorkshire', 'LS1 5DL', '6789', TIMESTAMP('2020-07-18 10:00:00'), TIMESTAMP('2023-11-30 15:40:00'), TRUE, 760, 68000.00, 'Employed', 'BR005'),
('C0007', 'Robert', 'Miller', 'robert.m@email.co.uk', '07700 900007', '1975-06-03', '14 Walnut Street', 'London', 'Greater London', 'E14 5HQ', '7890', TIMESTAMP('2017-04-12 08:45:00'), TIMESTAMP('2024-02-28 10:15:00'), TRUE, 800, 95000.00, 'Employed', 'BR006'),
('C0008', 'Lisa', 'Wilson', 'lisa.w@email.co.uk', '07700 900008', '1995-12-18', '25 Cherry Avenue', 'Birmingham', 'West Midlands', 'B1 1TT', '8901', TIMESTAMP('2022-01-08 13:30:00'), TIMESTAMP('2024-03-05 09:00:00'), TRUE, 695, 38000.00, 'Employed', 'BR004'),
('C0009', 'William', 'Moore', 'william.m@email.co.uk', '07700 900009', '1970-08-27', '36 Spruce Road', 'Edinburgh', 'Midlothian', 'EH1 1YZ', '9012', TIMESTAMP('2015-09-20 11:00:00'), TIMESTAMP('2023-10-15 14:30:00'), TRUE, 820, 115000.00, 'Employed', 'BR007'),
('C0010', 'Amanda', 'Taylor', 'amanda.t@email.co.uk', '07700 900010', '1993-02-14', '74 Ash Street', 'Bristol', 'Avon', 'BS1 4DJ', '0123', TIMESTAMP('2021-08-30 15:45:00'), TIMESTAMP('2024-01-18 12:00:00'), TRUE, 735, 62000.00, 'Employed', 'BR008'),
('C0011', 'James', 'Anderson', 'james.a@email.co.uk', '07700 900011', '1987-05-09', '85 Hickory Lane', 'Glasgow', 'Lanarkshire', 'G1 1XQ', '1122', TIMESTAMP('2019-12-03 09:30:00'), TIMESTAMP('2024-02-10 16:20:00'), TRUE, 770, 75000.00, 'Employed', 'BR009'),
('C0012', 'Emily', 'Thomas', 'emily.t@email.co.uk', '07700 900012', '1991-10-21', '96 Poplar Avenue', 'Cambridge', 'Cambridgeshire', 'CB1 2AB', '2233', TIMESTAMP('2020-05-14 12:15:00'), TIMESTAMP('2023-09-25 11:45:00'), TRUE, 705, 54000.00, 'Employed', 'BR010'),
('C0013', 'Daniel', 'Jackson', 'daniel.j@email.co.uk', '07700 900013', '1983-07-16', '17 Sycamore Street', 'London', 'Greater London', 'EC1A 1BB', '3344', TIMESTAMP('2018-03-22 14:00:00'), TIMESTAMP('2024-03-08 10:30:00'), TRUE, 745, 67000.00, 'Self-Employed', 'BR001'),
('C0014', 'Michelle', 'White', 'michelle.w@email.co.uk', '07700 900014', '1996-03-28', '28 Dogwood Road', 'Manchester', 'Greater Manchester', 'M4 1HQ', '4455', TIMESTAMP('2022-06-11 10:45:00'), TIMESTAMP('2024-01-05 15:00:00'), TRUE, 660, 35000.00, 'Employed', 'BR003'),
('C0015', 'Christopher', 'Harris', 'chris.h@email.co.uk', '07700 900015', '1979-11-02', '39 Magnolia Boulevard', 'London', 'Greater London', 'SW1P 3JA', '5566', TIMESTAMP('2016-07-29 16:00:00'), TIMESTAMP('2023-12-12 09:15:00'), TRUE, 785, 82000.00, 'Employed', 'BR002'),
('C0016', 'Jessica', 'Martin', 'jessica.m@email.co.uk', '07700 900016', '1994-08-05', '40 Redwood Avenue', 'Leeds', 'West Yorkshire', 'LS2 7EW', '6677', TIMESTAMP('2021-02-17 11:30:00'), TIMESTAMP('2024-02-20 14:45:00'), TRUE, 725, 56000.00, 'Employed', 'BR005'),
('C0017', 'Matthew', 'Thompson', 'matt.t@email.co.uk', '07700 900017', '1981-04-19', '51 Cypress Street', 'London', 'Greater London', 'E14 9SR', '7788', TIMESTAMP('2017-10-08 13:00:00'), TIMESTAMP('2023-11-08 12:30:00'), TRUE, 810, 105000.00, 'Employed', 'BR006'),
('C0018', 'Ashley', 'Garcia', 'ashley.g@email.co.uk', '07700 900018', '1997-01-11', '62 Willow Lane', 'Birmingham', 'West Midlands', 'B2 4QA', '8899', TIMESTAMP('2022-09-05 09:15:00'), TIMESTAMP('2024-03-02 16:00:00'), TRUE, 640, 28000.00, 'Student', 'BR004'),
('C0019', 'Andrew', 'Martinez', 'andrew.m@email.co.uk', '07700 900019', '1974-06-24', '73 Juniper Road', 'Edinburgh', 'Midlothian', 'EH2 4RG', '9900', TIMESTAMP('2014-05-16 15:30:00'), TIMESTAMP('2024-01-30 10:00:00'), TRUE, 830, 135000.00, 'Employed', 'BR007'),
('C0020', 'Stephanie', 'Robinson', 'steph.r@email.co.uk', '07700 900020', '1989-09-07', '84 Aspen Avenue', 'Bristol', 'Avon', 'BS2 8EN', '0011', TIMESTAMP('2020-11-23 12:45:00'), TIMESTAMP('2023-10-28 11:20:00'), TRUE, 755, 70000.00, 'Employed', 'BR008'),
('C0021', 'Joshua', 'Clark', 'joshua.c@email.co.uk', '07700 900021', '1986-12-30', '95 Beech Boulevard', 'Glasgow', 'Lanarkshire', 'G2 4JR', '1133', TIMESTAMP('2019-04-07 10:00:00'), TIMESTAMP('2024-02-05 15:30:00'), TRUE, 780, 78000.00, 'Employed', 'BR009'),
('C0022', 'Nicole', 'Rodriguez', 'nicole.r@email.co.uk', '07700 900022', '1992-05-18', '6 Chestnut Street', 'Cambridge', 'Cambridgeshire', 'CB2 1TN', '2244', TIMESTAMP('2020-08-19 14:30:00'), TIMESTAMP('2023-08-15 09:45:00'), TRUE, 715, 51000.00, 'Employed', 'BR010'),
('C0023', 'Kevin', 'Lewis', 'kevin.l@email.co.uk', '07700 900023', '1980-02-08', '17 Oak Park', 'London', 'Greater London', 'EC2V 8AS', '3355', TIMESTAMP('2017-01-30 11:15:00'), TIMESTAMP('2024-03-10 13:00:00'), TRUE, 765, 72000.00, 'Self-Employed', 'BR001'),
('C0024', 'Rachel', 'Lee', 'rachel.l@email.co.uk', '07700 900024', '1998-07-23', '28 Elm Court', 'Manchester', 'Greater Manchester', 'M15 4FX', '4466', TIMESTAMP('2023-02-14 09:00:00'), TIMESTAMP('2024-02-25 10:45:00'), TRUE, 620, 26000.00, 'Student', 'BR003'),
('C0025', 'Brian', 'Walker', 'brian.w@email.co.uk', '07700 900025', '1977-10-15', '39 Pine Circle', 'London', 'Greater London', 'W1D 3QF', '5577', TIMESTAMP('2015-06-08 16:45:00'), TIMESTAMP('2023-12-05 14:15:00'), TRUE, 795, 88000.00, 'Employed', 'BR002'),
('C0026', 'Melissa', 'Hall', 'melissa.h@email.co.uk', '07700 900026', '1993-03-02', '40 Maple Drive', 'Leeds', 'West Yorkshire', 'LS3 1AB', '6688', TIMESTAMP('2021-05-27 13:30:00'), TIMESTAMP('2024-01-12 11:00:00'), TRUE, 740, 59000.00, 'Employed', 'BR005'),
('C0027', 'Timothy', 'Allen', 'tim.a@email.co.uk', '07700 900027', '1984-08-11', '51 Cedar Way', 'London', 'Greater London', 'E1 6AN', '7799', TIMESTAMP('2018-08-14 10:30:00'), TIMESTAMP('2023-09-18 16:30:00'), TRUE, 700, 49000.00, 'Employed', 'BR006'),
('C0028', 'Laura', 'Young', 'laura.y@email.co.uk', '07700 900028', '1990-12-06', '62 Birch Path', 'Birmingham', 'West Midlands', 'B3 2DJ', '8800', TIMESTAMP('2020-03-09 15:00:00'), TIMESTAMP('2024-02-18 09:30:00'), TRUE, 730, 55000.00, 'Employed', 'BR004'),
('C0029', 'Steven', 'Hernandez', 'steven.h@email.co.uk', '07700 900029', '1972-04-28', '73 Walnut Grove', 'Edinburgh', 'Midlothian', 'EH3 9DN', '9911', TIMESTAMP('2013-11-11 12:00:00'), TIMESTAMP('2024-03-12 15:45:00'), TRUE, 840, 150000.00, 'Employed', 'BR007'),
('C0030', 'Kimberly', 'King', 'kim.k@email.co.uk', '07700 900030', '1995-06-19', '84 Cherry Hill', 'Bristol', 'Avon', 'BS3 4EB', '0022', TIMESTAMP('2022-04-03 11:45:00'), TIMESTAMP('2023-11-22 13:15:00'), TRUE, 685, 42000.00, 'Employed', 'BR008'),
('C0031', 'Jason', 'Wright', 'jason.w@email.co.uk', '07700 900031', '1988-09-25', '95 Spruce Lane', 'Glasgow', 'Lanarkshire', 'G3 8AG', '1144', TIMESTAMP('2019-07-16 14:15:00'), TIMESTAMP('2024-01-28 10:00:00'), TRUE, 775, 76000.00, 'Employed', 'BR009'),
('C0032', 'Angela', 'Lopez', 'angela.l@email.co.uk', '07700 900032', '1991-01-31', '6 Ash Terrace', 'Cambridge', 'Cambridgeshire', 'CB3 0AS', '2255', TIMESTAMP('2020-10-25 09:30:00'), TIMESTAMP('2023-07-10 14:00:00'), TRUE, 690, 46000.00, 'Employed', 'BR010'),
('C0033', 'Ryan', 'Hill', 'ryan.h@email.co.uk', '07700 900033', '1982-06-14', '17 Hickory Bend', 'London', 'Greater London', 'EC3A 8BF', '3366', TIMESTAMP('2016-12-19 16:00:00'), TIMESTAMP('2024-03-15 11:30:00'), TRUE, 805, 98000.00, 'Employed', 'BR001'),
('C0034', 'Heather', 'Scott', 'heather.s@email.co.uk', '07700 900034', '1996-04-09', '28 Poplar Run', 'Manchester', 'Greater Manchester', 'M5 3EJ', '4477', TIMESTAMP('2022-07-21 10:15:00'), TIMESTAMP('2024-02-08 15:20:00'), TRUE, 655, 37000.00, 'Employed', 'BR003'),
('C0035', 'Eric', 'Green', 'eric.g@email.co.uk', '07700 900035', '1976-11-22', '39 Sycamore Ridge', 'London', 'Greater London', 'SW1Y 4LR', '5588', TIMESTAMP('2014-09-03 13:45:00'), TIMESTAMP('2023-10-02 09:00:00'), TRUE, 815, 108000.00, 'Employed', 'BR002'),
('C0036', 'Christina', 'Adams', 'christina.a@email.co.uk', '07700 900036', '1994-02-17', '40 Dogwood Court', 'Leeds', 'West Yorkshire', 'LS4 2PL', '6699', TIMESTAMP('2021-09-12 12:30:00'), TIMESTAMP('2024-01-22 16:45:00'), TRUE, 720, 54000.00, 'Employed', 'BR005'),
('C0037', 'Jeffrey', 'Baker', 'jeff.b@email.co.uk', '07700 900037', '1985-07-05', '51 Magnolia Place', 'London', 'Greater London', 'E14 4PU', '7700', TIMESTAMP('2018-02-26 15:15:00'), TIMESTAMP('2023-08-28 12:00:00'), TRUE, 750, 64000.00, 'Employed', 'BR006'),
('C0038', 'Katherine', 'Gonzalez', 'kate.g@email.co.uk', '07700 900038', '1997-10-30', '62 Redwood Close', 'Birmingham', 'West Midlands', 'B4 7ET', '8811', TIMESTAMP('2023-01-05 09:45:00'), TIMESTAMP('2024-03-18 10:30:00'), TRUE, 635, 32000.00, 'Student', 'BR004'),
('C0039', 'Mark', 'Nelson', 'mark.n@email.co.uk', '07700 900039', '1971-03-12', '73 Cypress Point', 'Edinburgh', 'Midlothian', 'EH4 1SD', '9922', TIMESTAMP('2012-06-30 11:00:00'), TIMESTAMP('2024-02-12 14:00:00'), TRUE, 845, 165000.00, 'Employed', 'BR007'),
('C0040', 'Samantha', 'Carter', 'sam.c@email.co.uk', '07700 900040', '1989-08-26', '84 Willow Creek', 'Bristol', 'Avon', 'BS4 3HN', '0033', TIMESTAMP('2020-04-17 14:30:00'), TIMESTAMP('2023-12-30 11:15:00'), TRUE, 760, 68000.00, 'Employed', 'BR008');

-- ============================================
-- 3. ACCOUNTS TABLE
-- ============================================
CREATE OR REPLACE TABLE `autonomous_data_analyst.accounts` (
  account_id STRING NOT NULL,
  customer_id STRING NOT NULL,
  account_type STRING NOT NULL,
  account_number STRING NOT NULL,
  sort_code STRING,
  balance NUMERIC DEFAULT 0.00,
  currency STRING DEFAULT 'GBP',
  interest_rate NUMERIC,
  opened_date DATE,
  closed_date DATE,
  status STRING DEFAULT 'Active',
  branch_id STRING,
  overdraft_limit NUMERIC DEFAULT 0.00,
  last_transaction_date DATE
);

INSERT INTO `autonomous_data_analyst.accounts` VALUES
('A0001', 'C0001', 'Current', '10000001', '20-00-01', 4250.50, 'GBP', 0.01, '2020-01-20', NULL, 'Active', 'BR001', 500.00, '2024-03-15'),
('A0002', 'C0001', 'Savings', '10000002', '20-00-01', 19500.00, 'GBP', 3.50, '2020-01-20', NULL, 'Active', 'BR001', 0.00, '2024-03-10'),
('A0003', 'C0002', 'Current', '10000003', '20-00-01', 2515.75, 'GBP', 0.01, '2020-02-25', NULL, 'Active', 'BR001', 300.00, '2024-03-18'),
('A0004', 'C0002', 'Savings', '10000004', '20-00-01', 12300.00, 'GBP', 3.50, '2020-03-01', NULL, 'Active', 'BR001', 0.00, '2024-02-28'),
('A0005', 'C0003', 'Current', '10000005', '20-00-03', 1480.25, 'GBP', 0.01, '2019-06-15', NULL, 'Active', 'BR003', 200.00, '2024-03-17'),
('A0006', 'C0003', 'ISA', '10000006', '20-00-03', 35000.00, 'GBP', 4.25, '2020-01-10', NULL, 'Active', 'BR003', 0.00, '2024-01-31'),
('A0007', 'C0004', 'Current', '10000007', '20-00-03', 6850.00, 'GBP', 0.01, '2021-03-30', NULL, 'Active', 'BR003', 1000.00, '2024-03-19'),
('A0008', 'C0004', 'Savings', '10000008', '20-00-03', 40600.00, 'GBP', 4.00, '2021-04-05', NULL, 'Active', 'BR003', 0.00, '2024-03-15'),
('A0009', 'C0005', 'Current', '10000009', '20-00-02', 3225.50, 'GBP', 0.01, '2018-11-10', NULL, 'Active', 'BR002', 400.00, '2024-03-16'),
('A0010', 'C0005', 'Savings', '10000010', '20-00-02', 14450.00, 'GBP', 3.50, '2018-12-01', NULL, 'Active', 'BR002', 0.00, '2024-02-20'),
('A0011', 'C0006', 'Current', '10000011', '20-00-05', 5380.00, 'GBP', 0.01, '2020-07-22', NULL, 'Active', 'BR005', 600.00, '2024-03-18'),
('A0012', 'C0006', 'Fixed Rate Bond', '10000012', '20-00-05', 23400.00, 'GBP', 5.00, '2023-01-15', NULL, 'Active', 'BR005', 0.00, '2024-01-15'),
('A0013', 'C0007', 'Current', '10000013', '20-00-06', 12050.75, 'GBP', 0.01, '2017-04-18', NULL, 'Active', 'BR006', 2000.00, '2024-03-19'),
('A0014', 'C0007', 'Savings', '10000014', '20-00-06', 66400.00, 'GBP', 4.25, '2017-05-01', NULL, 'Active', 'BR006', 0.00, '2024-03-01'),
('A0015', 'C0007', 'ISA', '10000015', '20-00-06', 97700.00, 'GBP', 4.50, '2019-06-20', NULL, 'Active', 'BR006', 0.00, '2024-02-15'),
('A0016', 'C0008', 'Current', '10000016', '20-00-04', 1830.25, 'GBP', 0.01, '2022-01-12', NULL, 'Active', 'BR004', 200.00, '2024-03-17'),
('A0017', 'C0008', 'Savings', '10000017', '20-00-04', 6640.00, 'GBP', 3.25, '2022-02-01', NULL, 'Active', 'BR004', 0.00, '2024-03-05'),
('A0018', 'C0009', 'Current', '10000018', '20-00-07', 22460.50, 'GBP', 0.01, '2015-09-25', NULL, 'Active', 'BR007', 5000.00, '2024-03-19'),
('A0019', 'C0009', 'Savings', '10000019', '20-00-07', 136700.00, 'GBP', 4.50, '2015-10-01', NULL, 'Active', 'BR007', 0.00, '2024-03-10'),
('A0020', 'C0009', 'Fixed Rate Bond', '10000020', '20-00-07', 78100.00, 'GBP', 5.50, '2023-06-01', NULL, 'Active', 'BR007', 0.00, '2023-12-01'),
('A0021', 'C0010', 'Current', '10000021', '20-00-08', 4440.00, 'GBP', 0.01, '2021-09-02', NULL, 'Active', 'BR008', 500.00, '2024-03-18'),
('A0022', 'C0010', 'Savings', '10000022', '20-00-08', 17180.00, 'GBP', 3.50, '2021-09-15', NULL, 'Active', 'BR008', 0.00, '2024-02-28'),
('A0023', 'C0011', 'Current', '10000023', '20-00-09', 7715.25, 'GBP', 0.01, '2019-12-10', NULL, 'Active', 'BR009', 1000.00, '2024-03-19'),
('A0024', 'C0011', 'Savings', '10000024', '20-00-09', 37480.00, 'GBP', 4.00, '2020-01-05', NULL, 'Active', 'BR009', 0.00, '2024-03-12'),
('A0025', 'C0012', 'Current', '10000025', '20-00-10', 2672.50, 'GBP', 0.01, '2020-05-20', NULL, 'Active', 'BR010', 300.00, '2024-03-16'),
('A0026', 'C0012', 'Savings', '10000026', '20-00-10', 9765.00, 'GBP', 3.50, '2020-06-01', NULL, 'Active', 'BR010', 0.00, '2024-02-15'),
('A0027', 'C0013', 'Current', '10000027', '20-00-01', 5665.75, 'GBP', 0.01, '2018-03-28', NULL, 'Active', 'BR001', 700.00, '2024-03-17'),
('A0028', 'C0013', 'Business Current', '10000028', '20-00-01', 27340.00, 'GBP', 0.05, '2018-04-10', NULL, 'Active', 'BR001', 5000.00, '2024-03-19'),
('A0029', 'C0014', 'Current', '10000029', '20-00-03', 1234.25, 'GBP', 0.01, '2022-06-15', NULL, 'Active', 'BR003', 150.00, '2024-03-18'),
('A0030', 'C0014', 'Savings', '10000030', '20-00-03', 4060.00, 'GBP', 3.25, '2022-07-01', NULL, 'Active', 'BR003', 0.00, '2024-03-01'),
('A0031', 'C0015', 'Current', '10000031', '20-00-02', 9730.00, 'GBP', 0.01, '2016-08-05', NULL, 'Active', 'BR002', 1500.00, '2024-03-19'),
('A0032', 'C0015', 'Savings', '10000032', '20-00-02', 50780.00, 'GBP', 4.00, '2016-08-20', NULL, 'Active', 'BR002', 0.00, '2024-02-25'),
('A0033', 'C0016', 'Current', '10000033', '20-00-05', 3820.50, 'GBP', 0.01, '2021-02-22', NULL, 'Active', 'BR005', 400.00, '2024-03-17'),
('A0034', 'C0016', 'Savings', '10000034', '20-00-05', 15230.00, 'GBP', 3.50, '2021-03-05', NULL, 'Active', 'BR005', 0.00, '2024-03-08'),
('A0035', 'C0017', 'Current', '10000035', '20-00-06', 14650.25, 'GBP', 0.01, '2017-10-15', NULL, 'Active', 'BR006', 2500.00, '2024-03-19'),
('A0036', 'C0017', 'Savings', '10000036', '20-00-06', 74200.00, 'GBP', 4.25, '2017-11-01', NULL, 'Active', 'BR006', 0.00, '2024-03-05'),
('A0037', 'C0018', 'Current', '10000037', '20-00-04', 977.75, 'GBP', 0.01, '2022-09-10', NULL, 'Active', 'BR004', 100.00, '2024-03-16'),
('A0038', 'C0018', 'Savings', '10000038', '20-00-04', 2968.00, 'GBP', 2.75, '2022-10-01', NULL, 'Active', 'BR004', 0.00, '2024-02-20'),
('A0039', 'C0019', 'Current', '10000039', '20-00-07', 33200.00, 'GBP', 0.01, '2014-05-22', NULL, 'Active', 'BR007', 10000.00, '2024-03-19'),
('A0040', 'C0019', 'Savings', '10000040', '20-00-07', 195300.00, 'GBP', 4.75, '2014-06-01', NULL, 'Active', 'BR007', 0.00, '2024-03-12'),
('A0041', 'C0019', 'ISA', '10000041', '20-00-07', 273400.00, 'GBP', 5.00, '2018-01-15', NULL, 'Active', 'BR007', 0.00, '2024-02-28'),
('A0042', 'C0020', 'Current', '10000042', '20-00-08', 5566.50, 'GBP', 0.01, '2020-11-28', NULL, 'Active', 'BR008', 700.00, '2024-03-18'),
('A0043', 'C0020', 'Savings', '10000043', '20-00-08', 24990.00, 'GBP', 4.00, '2020-12-10', NULL, 'Active', 'BR008', 0.00, '2024-03-02'),
('A0044', 'C0021', 'Current', '10000044', '20-00-09', 8006.25, 'GBP', 0.01, '2019-04-12', NULL, 'Active', 'BR009', 1000.00, '2024-03-19'),
('A0045', 'C0021', 'Savings', '10000045', '20-00-09', 42970.00, 'GBP', 4.00, '2019-05-01', NULL, 'Active', 'BR009', 0.00, '2024-03-10'),
('A0046', 'C0022', 'Current', '10000046', '20-00-10', 3007.00, 'GBP', 0.01, '2020-08-25', NULL, 'Active', 'BR010', 300.00, '2024-03-17'),
('A0047', 'C0022', 'Savings', '10000047', '20-00-10', 11090.00, 'GBP', 3.50, '2020-09-05', NULL, 'Active', 'BR010', 0.00, '2024-02-22'),
('A0048', 'C0023', 'Current', '10000048', '20-00-01', 6640.75, 'GBP', 0.01, '2017-02-05', NULL, 'Active', 'BR001', 800.00, '2024-03-18'),
('A0049', 'C0023', 'Business Current', '10000049', '20-00-01', 32810.00, 'GBP', 0.05, '2017-03-01', NULL, 'Active', 'BR001', 8000.00, '2024-03-19'),
('A0050', 'C0024', 'Current', '10000050', '20-00-03', 765.25, 'GBP', 0.01, '2023-02-18', NULL, 'Active', 'BR003', 100.00, '2024-03-16'),
('A0051', 'C0024', 'Savings', '10000051', '20-00-03', 1953.00, 'GBP', 2.75, '2023-03-01', NULL, 'Active', 'BR003', 0.00, '2024-03-05'),
('A0052', 'C0025', 'Current', '10000052', '20-00-02', 11095.50, 'GBP', 0.01, '2015-06-15', NULL, 'Active', 'BR002', 1500.00, '2024-03-19'),
('A0053', 'C0025', 'Savings', '10000053', '20-00-02', 60930.00, 'GBP', 4.25, '2015-07-01', NULL, 'Active', 'BR002', 0.00, '2024-02-28'),
('A0054', 'C0026', 'Current', '10000054', '20-00-05', 4233.00, 'GBP', 0.01, '2021-06-02', NULL, 'Active', 'BR005', 500.00, '2024-03-17'),
('A0055', 'C0026', 'Savings', '10000055', '20-00-05', 16400.00, 'GBP', 3.50, '2021-06-15', NULL, 'Active', 'BR005', 0.00, '2024-03-08'),
('A0056', 'C0027', 'Current', '10000056', '20-00-06', 2930.25, 'GBP', 0.01, '2018-08-20', NULL, 'Active', 'BR006', 350.00, '2024-03-18'),
('A0057', 'C0027', 'Savings', '10000057', '20-00-06', 12890.00, 'GBP', 3.50, '2018-09-01', NULL, 'Active', 'BR006', 0.00, '2024-02-18'),
('A0058', 'C0028', 'Current', '10000058', '20-00-04', 3890.50, 'GBP', 0.01, '2020-03-15', NULL, 'Active', 'BR004', 450.00, '2024-03-19'),
('A0059', 'C0028', 'Savings', '10000059', '20-00-04', 14060.00, 'GBP', 3.50, '2020-04-01', NULL, 'Active', 'BR004', 0.00, '2024-03-05'),
('A0060', 'C0029', 'Current', '10000060', '20-00-07', 42970.00, 'GBP', 0.01, '2013-11-18', NULL, 'Active', 'BR007', 15000.00, '2024-03-19'),
('A0061', 'C0029', 'Savings', '10000061', '20-00-07', 249900.00, 'GBP', 5.00, '2013-12-01', NULL, 'Active', 'BR007', 0.00, '2024-03-10'),
('A0062', 'C0029', 'ISA', '10000062', '20-00-07', 351500.00, 'GBP', 5.25, '2016-05-01', NULL, 'Active', 'BR007', 0.00, '2024-02-25'),
('A0063', 'C0030', 'Current', '10000063', '20-00-08', 2258.75, 'GBP', 0.01, '2022-04-08', NULL, 'Active', 'BR008', 250.00, '2024-03-17'),
('A0064', 'C0030', 'Savings', '10000064', '20-00-08', 7655.00, 'GBP', 3.25, '2022-05-01', NULL, 'Active', 'BR008', 0.00, '2024-03-01'),
('A0065', 'C0031', 'Current', '10000065', '20-00-09', 8790.25, 'GBP', 0.01, '2019-07-22', NULL, 'Active', 'BR009', 1100.00, '2024-03-18'),
('A0066', 'C0031', 'Savings', '10000066', '20-00-09', 41015.00, 'GBP', 4.00, '2019-08-05', NULL, 'Active', 'BR009', 0.00, '2024-03-12'),
('A0067', 'C0032', 'Current', '10000067', '20-00-10', 2441.50, 'GBP', 0.01, '2020-11-01', NULL, 'Active', 'BR010', 300.00, '2024-03-16'),
('A0068', 'C0032', 'Savings', '10000068', '20-00-10', 8985.00, 'GBP', 3.50, '2020-11-15', NULL, 'Active', 'BR010', 0.00, '2024-02-20'),
('A0069', 'C0033', 'Current', '10000069', '20-00-01', 12890.00, 'GBP', 0.01, '2016-12-25', NULL, 'Active', 'BR001', 2000.00, '2024-03-19'),
('A0070', 'C0033', 'Savings', '10000070', '20-00-01', 56230.00, 'GBP', 4.25, '2017-01-10', NULL, 'Active', 'BR001', 0.00, '2024-03-05'),
('A0071', 'C0034', 'Current', '10000071', '20-00-03', 1680.25, 'GBP', 0.01, '2022-07-28', NULL, 'Active', 'BR003', 200.00, '2024-03-17'),
('A0072', 'C0034', 'Savings', '10000072', '20-00-03', 5624.00, 'GBP', 3.25, '2022-08-10', NULL, 'Active', 'BR003', 0.00, '2024-03-02'),
('A0073', 'C0035', 'Current', '10000073', '20-00-02', 15234.50, 'GBP', 0.01, '2014-09-10', NULL, 'Active', 'BR002', 2500.00, '2024-03-19'),
('A0074', 'C0035', 'Savings', '10000074', '20-00-02', 76560.00, 'GBP', 4.50, '2014-10-01', NULL, 'Active', 'BR002', 0.00, '2024-02-28'),
('A0075', 'C0036', 'Current', '10000075', '20-00-05', 3633.00, 'GBP', 0.01, '2021-09-18', NULL, 'Active', 'BR005', 400.00, '2024-03-18'),
('A0076', 'C0036', 'Savings', '10000076', '20-00-05', 13906.00, 'GBP', 3.50, '2021-10-01', NULL, 'Active', 'BR005', 0.00, '2024-03-08'),
('A0077', 'C0037', 'Current', '10000077', '20-00-06', 6446.75, 'GBP', 0.01, '2018-03-05', NULL, 'Active', 'BR006', 800.00, '2024-03-19'),
('A0078', 'C0037', 'Savings', '10000078', '20-00-06', 29690.00, 'GBP', 4.00, '2018-03-20', NULL, 'Active', 'BR006', 0.00, '2024-02-25'),
('A0079', 'C0038', 'Current', '10000079', '20-00-04', 1133.50, 'GBP', 0.01, '2023-01-12', NULL, 'Active', 'BR004', 100.00, '2024-03-16'),
('A0080', 'C0038', 'Savings', '10000080', '20-00-04', 3280.00, 'GBP', 2.75, '2023-02-01', NULL, 'Active', 'BR004', 0.00, '2024-03-05'),
('A0081', 'C0039', 'Current', '10000081', '20-00-07', 53120.00, 'GBP', 0.01, '2012-07-08', NULL, 'Active', 'BR007', 20000.00, '2024-03-19'),
('A0082', 'C0039', 'Savings', '10000082', '20-00-07', 328100.00, 'GBP', 5.25, '2012-08-01', NULL, 'Active', 'BR007', 0.00, '2024-03-12'),
('A0083', 'C0039', 'ISA', '10000083', '20-00-07', 453100.00, 'GBP', 5.50, '2015-03-15', NULL, 'Active', 'BR007', 0.00, '2024-02-28'),
('A0084', 'C0040', 'Current', '10000084', '20-00-08', 5383.25, 'GBP', 0.01, '2020-04-22', NULL, 'Active', 'BR008', 650.00, '2024-03-18'),
('A0085', 'C0040', 'Savings', '10000085', '20-00-08', 22265.00, 'GBP', 4.00, '2020-05-05', NULL, 'Active', 'BR008', 0.00, '2024-03-02'),
('A0086', 'C0001', 'Fixed Rate Bond', '10000086', '20-00-01', 11720.00, 'GBP', 5.25, '2023-09-01', NULL, 'Active', 'BR001', 0.00, '2023-09-01'),
('A0087', 'C0004', 'ISA', '10000087', '20-00-03', 58590.00, 'GBP', 4.50, '2022-06-15', NULL, 'Active', 'BR003', 0.00, '2024-01-20'),
('A0088', 'C0011', 'Fixed Rate Bond', '10000088', '20-00-09', 19530.00, 'GBP', 5.00, '2023-04-01', NULL, 'Active', 'BR009', 0.00, '2023-10-01'),
('A0089', 'C0015', 'ISA', '10000089', '20-00-02', 39060.00, 'GBP', 4.25, '2020-02-10', NULL, 'Active', 'BR002', 0.00, '2024-02-10'),
('A0090', 'C0021', 'Fixed Rate Bond', '10000090', '20-00-09', 15620.00, 'GBP', 4.75, '2023-07-15', NULL, 'Active', 'BR009', 0.00, '2024-01-15'),
('A0091', 'C0003', 'Current', '10000091', '20-00-03', 0.00, 'GBP', 0.01, '2019-06-15', '2022-03-15', 'Closed', 'BR003', 200.00, '2022-03-10'),
('A0092', 'C0008', 'Savings', '10000092', '20-00-04', 0.00, 'GBP', 2.75, '2022-01-12', '2023-06-30', 'Closed', 'BR004', 0.00, '2023-06-25'),
('A0093', 'C0014', 'Current', '10000093', '20-00-03', 0.00, 'GBP', 0.01, '2022-06-15', '2023-12-01', 'Closed', 'BR003', 100.00, '2023-11-28'),
('A0094', 'C0024', 'Current', '10000094', '20-00-03', 0.00, 'GBP', 0.01, '2023-02-18', '2023-11-15', 'Closed', 'BR003', 50.00, '2023-11-10'),
('A0095', 'C0030', 'Current', '10000095', '20-00-08', 0.00, 'GBP', 0.01, '2022-04-08', '2023-08-20', 'Closed', 'BR008', 150.00, '2023-08-15');

-- ============================================
-- 4. TRANSACTION_CATEGORIES TABLE
-- ============================================
CREATE OR REPLACE TABLE `autonomous_data_analyst.transaction_categories` (
  category_id STRING NOT NULL,
  category_name STRING NOT NULL,
  category_type STRING NOT NULL,
  description STRING,
  parent_category_id STRING
);

INSERT INTO `autonomous_data_analyst.transaction_categories` VALUES
('CAT001', 'Salary', 'Income', 'Regular employment income via BACS', NULL),
('CAT002', 'Interest', 'Income', 'Interest earned on accounts', NULL),
('CAT003', 'Transfer In', 'Income', 'Incoming transfers from other accounts', NULL),
('CAT004', 'Deposit', 'Income', 'Cash or cheque deposits', NULL),
('CAT005', 'Refund', 'Income', 'Refunds from retailers', NULL),
('CAT006', 'Groceries', 'Expense', 'Supermarket purchases', NULL),
('CAT007', 'Dining', 'Expense', 'Restaurant and food delivery', NULL),
('CAT008', 'Utilities', 'Expense', 'Electric, gas, water, council tax', NULL),
('CAT009', 'Rent', 'Expense', 'Monthly rent payments', NULL),
('CAT010', 'Mortgage', 'Expense', 'Mortgage payments', NULL),
('CAT011', 'Transport', 'Expense', 'Petrol, public transport, Uber', NULL),
('CAT012', 'Healthcare', 'Expense', 'Medical expenses and prescriptions', NULL),
('CAT013', 'Shopping', 'Expense', 'Retail purchases', NULL),
('CAT014', 'Entertainment', 'Expense', 'Cinema, streaming, events', NULL),
('CAT015', 'Transfer Out', 'Expense', 'Outgoing transfers to other accounts', NULL),
('CAT016', 'Withdrawal', 'Expense', 'ATM and cash withdrawals', NULL),
('CAT017', 'Loan Payment', 'Expense', 'Loan repayments', NULL),
('CAT018', 'Insurance', 'Expense', 'Insurance premiums', NULL),
('CAT019', 'Investment', 'Expense', 'Investment purchases', NULL),
('CAT020', 'Fees', 'Expense', 'Bank fees and charges', NULL);

-- ============================================
-- 5. TRANSACTIONS TABLE
-- ============================================
CREATE OR REPLACE TABLE `autonomous_data_analyst.transactions` (
  transaction_id STRING NOT NULL,
  account_id STRING NOT NULL,
  transaction_type STRING NOT NULL,
  amount NUMERIC NOT NULL,
  transaction_date TIMESTAMP NOT NULL,
  description STRING,
  category_id STRING,
  merchant_name STRING,
  status STRING DEFAULT 'Completed',
  reference_number STRING,
  balance_after NUMERIC
);

INSERT INTO `autonomous_data_analyst.transactions` VALUES
('TXN000001', 'A0001', 'Credit', 4300.00, TIMESTAMP('2024-03-01 09:00:00'), 'BACS Payment - Salary', 'CAT001', 'Employer Ltd', 'Completed', 'REF001001', 6980.50),
('TXN000002', 'A0001', 'Debit', 98.50, TIMESTAMP('2024-03-02 12:30:00'), 'Grocery Shopping', 'CAT006', 'Tesco', 'Completed', 'REF001002', 6882.00),
('TXN000003', 'A0001', 'Debit', 1450.00, TIMESTAMP('2024-03-03 10:00:00'), 'Rent Payment', 'CAT009', 'Foxtons Lettings', 'Completed', 'REF001003', 5432.00),
('TXN000004', 'A0001', 'Debit', 65.00, TIMESTAMP('2024-03-05 19:45:00'), 'Restaurant', 'CAT007', 'Wagamama', 'Completed', 'REF001004', 5367.00),
('TXN000005', 'A0001', 'Debit', 120.00, TIMESTAMP('2024-03-07 14:20:00'), 'Electric Bill', 'CAT008', 'British Gas', 'Completed', 'REF001005', 5247.00),
('TXN000006', 'A0001', 'Debit', 55.00, TIMESTAMP('2024-03-08 08:15:00'), 'Petrol Station', 'CAT011', 'BP', 'Completed', 'REF001006', 5192.00),
('TXN000007', 'A0001', 'Debit', 200.00, TIMESTAMP('2024-03-10 11:00:00'), 'ATM Withdrawal', 'CAT016', 'ATM', 'Completed', 'REF001007', 4992.00),
('TXN000008', 'A0001', 'Debit', 75.99, TIMESTAMP('2024-03-12 16:30:00'), 'Online Shopping', 'CAT013', 'Amazon UK', 'Completed', 'REF001008', 4916.01),
('TXN000009', 'A0001', 'Debit', 15.99, TIMESTAMP('2024-03-13 20:00:00'), 'Streaming Service', 'CAT014', 'Netflix', 'Completed', 'REF001009', 4900.02),
('TXN000010', 'A0001', 'Debit', 500.00, TIMESTAMP('2024-03-15 09:30:00'), 'Transfer to Savings', 'CAT015', 'Internal Transfer', 'Completed', 'REF001010', 4400.02),
('TXN000011', 'A0002', 'Credit', 500.00, TIMESTAMP('2024-03-15 09:30:00'), 'Transfer from Current', 'CAT003', 'Internal Transfer', 'Completed', 'REF002001', 20000.00),
('TXN000012', 'A0002', 'Credit', 56.88, TIMESTAMP('2024-03-10 00:00:00'), 'Monthly Interest', 'CAT002', 'Bank Interest', 'Completed', 'REF002002', 19556.88),
('TXN000013', 'A0003', 'Credit', 3500.00, TIMESTAMP('2024-03-01 09:00:00'), 'BACS Payment', 'CAT001', 'Tech Solutions Ltd', 'Completed', 'REF003001', 4015.75),
('TXN000014', 'A0003', 'Debit', 1200.00, TIMESTAMP('2024-03-03 10:00:00'), 'Rent Payment', 'CAT009', 'Manchester Lettings', 'Completed', 'REF003002', 2815.75),
('TXN000015', 'A0003', 'Debit', 52.89, TIMESTAMP('2024-03-05 13:45:00'), 'Groceries', 'CAT006', 'Sainsburys', 'Completed', 'REF003003', 2762.86),
('TXN000016', 'A0003', 'Debit', 32.50, TIMESTAMP('2024-03-08 18:30:00'), 'Dinner', 'CAT007', 'Nandos', 'Completed', 'REF003004', 2730.36),
('TXN000017', 'A0003', 'Debit', 85.00, TIMESTAMP('2024-03-12 09:00:00'), 'Utilities', 'CAT008', 'Scottish Power', 'Completed', 'REF003005', 2645.36),
('TXN000018', 'A0005', 'Credit', 3200.00, TIMESTAMP('2024-03-01 09:00:00'), 'Salary', 'CAT001', 'Marketing Agency', 'Completed', 'REF005001', 3630.25),
('TXN000019', 'A0005', 'Debit', 1100.00, TIMESTAMP('2024-03-02 10:00:00'), 'Mortgage', 'CAT010', 'Nationwide', 'Completed', 'REF005002', 2530.25),
('TXN000020', 'A0005', 'Debit', 180.00, TIMESTAMP('2024-03-05 14:00:00'), 'Insurance', 'CAT018', 'Aviva', 'Completed', 'REF005003', 2350.25),
('TXN000021', 'A0005', 'Debit', 68.00, TIMESTAMP('2024-03-10 12:30:00'), 'Groceries', 'CAT006', 'Asda', 'Completed', 'REF005004', 2282.25),
('TXN000022', 'A0005', 'Debit', 45.00, TIMESTAMP('2024-03-15 17:00:00'), 'Petrol', 'CAT011', 'Shell', 'Completed', 'REF005005', 2237.25),
('TXN000023', 'A0007', 'Credit', 5000.00, TIMESTAMP('2024-03-01 09:00:00'), 'BACS Payment', 'CAT001', 'Finance Corp Ltd', 'Completed', 'REF007001', 9350.00),
('TXN000024', 'A0007', 'Debit', 1800.00, TIMESTAMP('2024-03-03 10:00:00'), 'Rent', 'CAT009', 'Savills', 'Completed', 'REF007002', 7550.00),
('TXN000025', 'A0007', 'Debit', 500.00, TIMESTAMP('2024-03-08 11:30:00'), 'Transfer to Savings', 'CAT015', 'Internal Transfer', 'Completed', 'REF007003', 7050.00),
('TXN000026', 'A0007', 'Debit', 95.00, TIMESTAMP('2024-03-12 15:00:00'), 'Shopping', 'CAT013', 'John Lewis', 'Completed', 'REF007004', 6955.00),
('TXN000027', 'A0007', 'Debit', 105.00, TIMESTAMP('2024-03-18 10:00:00'), 'Healthcare', 'CAT012', 'Boots Pharmacy', 'Completed', 'REF007005', 6850.00),
('TXN000028', 'A0008', 'Credit', 500.00, TIMESTAMP('2024-03-08 11:30:00'), 'Transfer from Current', 'CAT003', 'Internal Transfer', 'Completed', 'REF008001', 41100.00),
('TXN000029', 'A0008', 'Credit', 135.42, TIMESTAMP('2024-03-15 00:00:00'), 'Monthly Interest', 'CAT002', 'Bank Interest', 'Completed', 'REF008002', 41235.42),
('TXN000030', 'A0009', 'Credit', 3900.00, TIMESTAMP('2024-03-01 09:00:00'), 'Salary', 'CAT001', 'Consulting Partners', 'Completed', 'REF009001', 5125.50),
('TXN000031', 'A0009', 'Debit', 1400.00, TIMESTAMP('2024-03-03 10:00:00'), 'Rent', 'CAT009', 'Westminster Properties', 'Completed', 'REF009002', 3725.50),
('TXN000032', 'A0009', 'Debit', 58.00, TIMESTAMP('2024-03-06 14:30:00'), 'Dinner', 'CAT007', 'Pizza Express', 'Completed', 'REF009003', 3667.50),
('TXN000033', 'A0009', 'Debit', 156.00, TIMESTAMP('2024-03-10 09:00:00'), 'Transport', 'CAT011', 'TfL Oyster', 'Completed', 'REF009004', 3511.50),
('TXN000034', 'A0009', 'Debit', 140.00, TIMESTAMP('2024-03-14 16:00:00'), 'Shopping', 'CAT013', 'Marks & Spencer', 'Completed', 'REF009005', 3371.50),
('TXN000035', 'A0011', 'Credit', 4500.00, TIMESTAMP('2024-03-01 09:00:00'), 'Salary', 'CAT001', 'NHS Trust', 'Completed', 'REF011001', 7080.00),
('TXN000036', 'A0011', 'Debit', 1300.00, TIMESTAMP('2024-03-03 10:00:00'), 'Rent', 'CAT009', 'Leeds Lettings', 'Completed', 'REF011002', 5780.00),
('TXN000037', 'A0011', 'Debit', 95.00, TIMESTAMP('2024-03-07 12:00:00'), 'Utilities', 'CAT008', 'Yorkshire Water', 'Completed', 'REF011003', 5685.00),
('TXN000038', 'A0011', 'Debit', 185.00, TIMESTAMP('2024-03-12 09:30:00'), 'Car Insurance', 'CAT018', 'Direct Line', 'Completed', 'REF011004', 5500.00),
('TXN000039', 'A0011', 'Debit', 120.00, TIMESTAMP('2024-03-17 14:00:00'), 'Loan Payment', 'CAT017', 'Student Loans Company', 'Completed', 'REF011005', 5380.00),
('TXN000040', 'A0013', 'Credit', 6800.00, TIMESTAMP('2024-03-01 09:00:00'), 'BACS Payment', 'CAT001', 'Investment Bank PLC', 'Completed', 'REF013001', 15850.75),
('TXN000041', 'A0013', 'Debit', 2500.00, TIMESTAMP('2024-03-03 10:00:00'), 'Rent', 'CAT009', 'Canary Wharf Estates', 'Completed', 'REF013002', 13350.75),
('TXN000042', 'A0013', 'Debit', 500.00, TIMESTAMP('2024-03-08 11:00:00'), 'Investment', 'CAT019', 'Hargreaves Lansdown', 'Completed', 'REF013003', 12850.75),
('TXN000043', 'A0013', 'Debit', 150.00, TIMESTAMP('2024-03-15 18:30:00'), 'Entertainment', 'CAT014', 'West End Theatre', 'Completed', 'REF013004', 12700.75),
('TXN000044', 'A0013', 'Credit', 350.00, TIMESTAMP('2024-03-18 10:00:00'), 'Refund', 'CAT005', 'Apple Store', 'Completed', 'REF013005', 13050.75),
('TXN000045', 'A0016', 'Credit', 2400.00, TIMESTAMP('2024-03-01 09:00:00'), 'Salary', 'CAT001', 'Retail Ltd', 'Completed', 'REF016001', 2830.25),
('TXN000046', 'A0016', 'Debit', 850.00, TIMESTAMP('2024-03-03 10:00:00'), 'Rent', 'CAT009', 'Birmingham Homes', 'Completed', 'REF016002', 1980.25),
('TXN000047', 'A0016', 'Debit', 42.00, TIMESTAMP('2024-03-08 13:00:00'), 'Groceries', 'CAT006', 'Aldi', 'Completed', 'REF016003', 1938.25),
('TXN000048', 'A0016', 'Debit', 18.00, TIMESTAMP('2024-03-12 19:30:00'), 'Dinner', 'CAT007', 'Greggs', 'Completed', 'REF016004', 1920.25),
('TXN000049', 'A0016', 'Credit', 60.00, TIMESTAMP('2024-03-15 11:00:00'), 'Refund', 'CAT005', 'ASOS', 'Completed', 'REF016005', 1980.25),
('TXN000050', 'A0018', 'Credit', 9500.00, TIMESTAMP('2024-03-01 09:00:00'), 'BACS Payment', 'CAT001', 'Law Firm LLP', 'Completed', 'REF018001', 26960.50),
('TXN000051', 'A0018', 'Debit', 3200.00, TIMESTAMP('2024-03-03 10:00:00'), 'Mortgage', 'CAT010', 'Halifax', 'Completed', 'REF018002', 23760.50),
('TXN000052', 'A0018', 'Debit', 800.00, TIMESTAMP('2024-03-10 09:00:00'), 'Investment', 'CAT019', 'Vanguard UK', 'Completed', 'REF018003', 22960.50),
('TXN000053', 'A0018', 'Debit', 275.00, TIMESTAMP('2024-03-15 14:00:00'), 'Shopping', 'CAT013', 'Selfridges', 'Completed', 'REF018004', 22685.50),
('TXN000054', 'A0018', 'Debit', 125.00, TIMESTAMP('2024-03-18 20:00:00'), 'Dinner', 'CAT007', 'The Ivy', 'Completed', 'REF018005', 22560.50),
('TXN000055', 'A0021', 'Credit', 4200.00, TIMESTAMP('2024-03-01 09:00:00'), 'Salary', 'CAT001', 'Tech Startup Ltd', 'Completed', 'REF021001', 6640.00),
('TXN000056', 'A0021', 'Debit', 1500.00, TIMESTAMP('2024-03-03 10:00:00'), 'Rent', 'CAT009', 'Bristol Living', 'Completed', 'REF021002', 5140.00),
('TXN000057', 'A0021', 'Debit', 75.00, TIMESTAMP('2024-03-08 12:30:00'), 'Groceries', 'CAT006', 'Waitrose', 'Completed', 'REF021003', 5065.00),
('TXN000058', 'A0021', 'Debit', 200.00, TIMESTAMP('2024-03-13 10:00:00'), 'Transfer to Savings', 'CAT015', 'Internal Transfer', 'Completed', 'REF021004', 4865.00),
('TXN000059', 'A0021', 'Debit', 10.99, TIMESTAMP('2024-03-17 15:00:00'), 'Entertainment', 'CAT014', 'Spotify', 'Completed', 'REF021005', 4854.01),
('TXN000060', 'A0023', 'Credit', 5200.00, TIMESTAMP('2024-03-01 09:00:00'), 'BACS Payment', 'CAT001', 'Media Group PLC', 'Completed', 'REF023001', 10915.25),
('TXN000061', 'A0023', 'Debit', 2200.00, TIMESTAMP('2024-03-03 10:00:00'), 'Rent', 'CAT009', 'Glasgow Property', 'Completed', 'REF023002', 8715.25),
('TXN000062', 'A0023', 'Debit', 280.00, TIMESTAMP('2024-03-10 11:00:00'), 'Insurance', 'CAT018', 'Admiral', 'Completed', 'REF023003', 8435.25),
('TXN000063', 'A0023', 'Debit', 180.00, TIMESTAMP('2024-03-15 17:30:00'), 'Dining', 'CAT007', 'Jamie Oliver Restaurant', 'Completed', 'REF023004', 8255.25),
('TXN000064', 'A0023', 'Debit', 240.00, TIMESTAMP('2024-03-18 10:00:00'), 'Shopping', 'CAT013', 'House of Fraser', 'Completed', 'REF023005', 8015.25),
('TXN000065', 'A0025', 'Credit', 3600.00, TIMESTAMP('2024-03-01 09:00:00'), 'Salary', 'CAT001', 'Insurance Co Ltd', 'Completed', 'REF025001', 4872.50),
('TXN000066', 'A0025', 'Debit', 1350.00, TIMESTAMP('2024-03-03 10:00:00'), 'Rent', 'CAT009', 'Cambridge Lets', 'Completed', 'REF025002', 3522.50),
('TXN000067', 'A0025', 'Debit', 90.00, TIMESTAMP('2024-03-07 14:00:00'), 'Utilities', 'CAT008', 'EDF Energy', 'Completed', 'REF025003', 3432.50),
('TXN000068', 'A0025', 'Debit', 250.00, TIMESTAMP('2024-03-12 09:30:00'), 'Loan Payment', 'CAT017', 'Car Finance', 'Completed', 'REF025004', 3182.50),
('TXN000069', 'A0025', 'Debit', 210.00, TIMESTAMP('2024-03-16 16:00:00'), 'Shopping', 'CAT013', 'Currys PC World', 'Completed', 'REF025005', 2972.50),
('TXN000070', 'A0027', 'Credit', 4400.00, TIMESTAMP('2024-03-01 09:00:00'), 'BACS Payment', 'CAT001', 'Business Services Ltd', 'Completed', 'REF027001', 5330.75),
('TXN000071', 'A0027', 'Debit', 1600.00, TIMESTAMP('2024-03-03 10:00:00'), 'Rent', 'CAT009', 'London Flats Ltd', 'Completed', 'REF027002', 3730.75),
('TXN000072', 'A0027', 'Debit', 250.00, TIMESTAMP('2024-03-08 11:30:00'), 'Healthcare', 'CAT012', 'Bupa', 'Completed', 'REF027003', 3480.75),
('TXN000073', 'A0027', 'Debit', 120.00, TIMESTAMP('2024-03-14 15:00:00'), 'Groceries', 'CAT006', 'Morrisons', 'Completed', 'REF027004', 3360.75),
('TXN000074', 'A0027', 'Debit', 85.00, TIMESTAMP('2024-03-17 19:00:00'), 'Dining', 'CAT007', 'Prezzo', 'Completed', 'REF027005', 3275.75),
('TXN000075', 'A0031', 'Credit', 5800.00, TIMESTAMP('2024-03-01 09:00:00'), 'Salary', 'CAT001', 'Consulting Group', 'Completed', 'REF031001', 12590.00),
('TXN000076', 'A0031', 'Debit', 2400.00, TIMESTAMP('2024-03-03 10:00:00'), 'Rent', 'CAT009', 'West End Estates', 'Completed', 'REF031002', 10190.00),
('TXN000077', 'A0031', 'Debit', 600.00, TIMESTAMP('2024-03-10 09:00:00'), 'Investment', 'CAT019', 'AJ Bell', 'Completed', 'REF031003', 9590.00),
('TXN000078', 'A0031', 'Debit', 500.00, TIMESTAMP('2024-03-15 12:00:00'), 'Transfer to Savings', 'CAT015', 'Internal Transfer', 'Completed', 'REF031004', 9090.00),
('TXN000079', 'A0031', 'Debit', 300.00, TIMESTAMP('2024-03-18 18:00:00'), 'Entertainment', 'CAT014', 'O2 Arena', 'Completed', 'REF031005', 8790.00),
('TXN000080', 'A0035', 'Credit', 7200.00, TIMESTAMP('2024-03-01 09:00:00'), 'BACS Payment', 'CAT001', 'Hedge Fund Partners', 'Completed', 'REF035001', 18434.50),
('TXN000081', 'A0035', 'Debit', 2800.00, TIMESTAMP('2024-03-03 10:00:00'), 'Mortgage', 'CAT010', 'Barclays', 'Completed', 'REF035002', 15634.50),
('TXN000082', 'A0035', 'Debit', 1000.00, TIMESTAMP('2024-03-10 11:00:00'), 'Investment', 'CAT019', 'Interactive Investor', 'Completed', 'REF035003', 14634.50),
('TXN000083', 'A0035', 'Debit', 400.00, TIMESTAMP('2024-03-15 14:30:00'), 'Insurance', 'CAT018', 'Zurich', 'Completed', 'REF035004', 14234.50),
('TXN000084', 'A0035', 'Credit', 1000.00, TIMESTAMP('2024-03-18 10:00:00'), 'Bonus', 'CAT001', 'Hedge Fund Partners', 'Completed', 'REF035005', 15234.50),
('TXN000085', 'A0039', 'Credit', 12000.00, TIMESTAMP('2024-03-01 09:00:00'), 'Salary', 'CAT001', 'Magic Circle Law', 'Completed', 'REF039001', 41200.00),
('TXN000086', 'A0039', 'Debit', 4500.00, TIMESTAMP('2024-03-03 10:00:00'), 'Mortgage', 'CAT010', 'HSBC', 'Completed', 'REF039002', 36700.00),
('TXN000087', 'A0039', 'Debit', 1500.00, TIMESTAMP('2024-03-10 09:00:00'), 'Investment', 'CAT019', 'Fidelity UK', 'Completed', 'REF039003', 35200.00),
('TXN000088', 'A0039', 'Debit', 250.00, TIMESTAMP('2024-03-15 13:00:00'), 'Dining', 'CAT007', 'The Ledbury', 'Completed', 'REF039004', 34950.00),
('TXN000089', 'A0039', 'Debit', 200.00, TIMESTAMP('2024-03-18 17:00:00'), 'Entertainment', 'CAT014', 'Royal Opera House', 'Completed', 'REF039005', 34750.00),
('TXN000090', 'A0042', 'Credit', 4600.00, TIMESTAMP('2024-03-01 09:00:00'), 'BACS Payment', 'CAT001', 'Software House Ltd', 'Completed', 'REF042001', 8166.50),
('TXN000091', 'A0042', 'Debit', 1700.00, TIMESTAMP('2024-03-03 10:00:00'), 'Rent', 'CAT009', 'Bristol Homes', 'Completed', 'REF042002', 6466.50),
('TXN000092', 'A0042', 'Debit', 200.00, TIMESTAMP('2024-03-08 14:00:00'), 'Utilities', 'CAT008', 'Bristol Energy', 'Completed', 'REF042003', 6266.50),
('TXN000093', 'A0042', 'Debit', 180.00, TIMESTAMP('2024-03-13 11:00:00'), 'Healthcare', 'CAT012', 'Specsavers', 'Completed', 'REF042004', 6086.50),
('TXN000094', 'A0042', 'Debit', 170.00, TIMESTAMP('2024-03-17 16:30:00'), 'Shopping', 'CAT013', 'Next', 'Completed', 'REF042005', 5916.50),
('TXN000095', 'A0044', 'Credit', 5500.00, TIMESTAMP('2024-03-01 09:00:00'), 'Salary', 'CAT001', 'Publishing House', 'Completed', 'REF044001', 11506.25),
('TXN000096', 'A0044', 'Debit', 2600.00, TIMESTAMP('2024-03-03 10:00:00'), 'Rent', 'CAT009', 'Glasgow Central Lets', 'Completed', 'REF044002', 8906.25),
('TXN000097', 'A0044', 'Debit', 300.00, TIMESTAMP('2024-03-10 10:30:00'), 'Insurance', 'CAT018', 'Scottish Widows', 'Completed', 'REF044003', 8606.25),
('TXN000098', 'A0044', 'Debit', 120.00, TIMESTAMP('2024-03-15 19:00:00'), 'Dining', 'CAT007', 'The Kitchin', 'Completed', 'REF044004', 8486.25),
('TXN000099', 'A0044', 'Debit', 80.00, TIMESTAMP('2024-03-18 12:00:00'), 'Transport', 'CAT011', 'ScotRail', 'Completed', 'REF044005', 8406.25),
('TXN000100', 'A0001', 'Debit', 69.52, TIMESTAMP('2024-03-15 14:00:00'), 'Groceries', 'CAT006', 'Sainsburys', 'Completed', 'REF001011', 4250.50),
('TXN000101', 'A0003', 'Credit', 150.00, TIMESTAMP('2024-03-18 09:00:00'), 'Deposit', 'CAT004', 'Cheque Deposit', 'Completed', 'REF003006', 2795.36),
('TXN000102', 'A0007', 'Debit', 140.00, TIMESTAMP('2024-03-19 11:00:00'), 'Groceries', 'CAT006', 'Ocado', 'Completed', 'REF007006', 6710.00),
('TXN000103', 'A0013', 'Debit', 23.99, TIMESTAMP('2024-03-19 08:00:00'), 'Subscription', 'CAT014', 'The Times Digital', 'Completed', 'REF013006', 13026.76),
('TXN000104', 'A0018', 'Credit', 800.00, TIMESTAMP('2024-03-19 09:00:00'), 'Bonus', 'CAT001', 'Law Firm LLP', 'Completed', 'REF018006', 23360.50),
('TXN000105', 'A0023', 'Debit', 7.99, TIMESTAMP('2024-03-19 07:30:00'), 'Streaming', 'CAT014', 'BBC iPlayer', 'Completed', 'REF023006', 8007.26),
('TXN000106', 'A0027', 'Debit', 2.50, TIMESTAMP('2024-03-18 15:00:00'), 'ATM Fee', 'CAT020', 'Bank Fee', 'Completed', 'REF027006', 3273.25),
('TXN000107', 'A0031', 'Credit', 400.00, TIMESTAMP('2024-03-19 10:00:00'), 'Refund', 'CAT005', 'British Airways', 'Completed', 'REF031006', 9190.00),
('TXN000108', 'A0039', 'Debit', 350.00, TIMESTAMP('2024-03-19 14:00:00'), 'Charity', 'CAT013', 'British Red Cross', 'Completed', 'REF039006', 34400.00),
('TXN000109', 'A0042', 'Debit', 8.99, TIMESTAMP('2024-03-18 20:00:00'), 'Streaming', 'CAT014', 'Disney+', 'Completed', 'REF042006', 5907.51),
('TXN000110', 'A0044', 'Credit', 600.00, TIMESTAMP('2024-03-19 09:00:00'), 'Freelance', 'CAT001', 'Client Payment', 'Completed', 'REF044006', 9006.25),
-- 2025 Transactions
('TXN000111', 'A0001', 'Credit', 4400.00, TIMESTAMP('2025-01-01 09:00:00'), 'BACS Payment - Salary', 'CAT001', 'Employer Ltd', 'Completed', 'REF025001', 8650.50),
('TXN000112', 'A0001', 'Debit', 1450.00, TIMESTAMP('2025-01-03 10:00:00'), 'Rent Payment', 'CAT009', 'Foxtons Lettings', 'Completed', 'REF025002', 7200.50),
('TXN000113', 'A0001', 'Debit', 112.50, TIMESTAMP('2025-01-05 14:30:00'), 'Grocery Shopping', 'CAT006', 'Tesco', 'Completed', 'REF025003', 7088.00),
('TXN000114', 'A0001', 'Debit', 135.00, TIMESTAMP('2025-01-08 09:00:00'), 'Utilities', 'CAT008', 'British Gas', 'Completed', 'REF025004', 6953.00),
('TXN000115', 'A0001', 'Debit', 58.00, TIMESTAMP('2025-01-12 19:30:00'), 'Dining', 'CAT007', 'Dishoom', 'Completed', 'REF025005', 6895.00),
('TXN000116', 'A0001', 'Credit', 4400.00, TIMESTAMP('2025-02-01 09:00:00'), 'BACS Payment - Salary', 'CAT001', 'Employer Ltd', 'Completed', 'REF025006', 11295.00),
('TXN000117', 'A0001', 'Debit', 1450.00, TIMESTAMP('2025-02-03 10:00:00'), 'Rent Payment', 'CAT009', 'Foxtons Lettings', 'Completed', 'REF025007', 9845.00),
('TXN000118', 'A0001', 'Debit', 89.99, TIMESTAMP('2025-02-10 16:00:00'), 'Shopping', 'CAT013', 'Amazon UK', 'Completed', 'REF025008', 9755.01),
('TXN000119', 'A0001', 'Debit', 200.00, TIMESTAMP('2025-02-15 11:00:00'), 'ATM Withdrawal', 'CAT016', 'ATM', 'Completed', 'REF025009', 9555.01),
('TXN000120', 'A0001', 'Credit', 4400.00, TIMESTAMP('2025-03-01 09:00:00'), 'BACS Payment - Salary', 'CAT001', 'Employer Ltd', 'Completed', 'REF025010', 13955.01),
('TXN000121', 'A0001', 'Debit', 1450.00, TIMESTAMP('2025-03-03 10:00:00'), 'Rent Payment', 'CAT009', 'Foxtons Lettings', 'Completed', 'REF025011', 12505.01),
('TXN000122', 'A0001', 'Debit', 156.00, TIMESTAMP('2025-03-10 09:00:00'), 'Transport', 'CAT011', 'TfL Oyster', 'Completed', 'REF025012', 12349.01),
('TXN000123', 'A0003', 'Credit', 3600.00, TIMESTAMP('2025-01-01 09:00:00'), 'BACS Payment', 'CAT001', 'Tech Solutions Ltd', 'Completed', 'REF025013', 6115.75),
('TXN000124', 'A0003', 'Debit', 1200.00, TIMESTAMP('2025-01-03 10:00:00'), 'Rent Payment', 'CAT009', 'Manchester Lettings', 'Completed', 'REF025014', 4915.75),
('TXN000125', 'A0003', 'Debit', 67.50, TIMESTAMP('2025-01-08 13:00:00'), 'Groceries', 'CAT006', 'Sainsburys', 'Completed', 'REF025015', 4848.25),
('TXN000126', 'A0003', 'Debit', 45.00, TIMESTAMP('2025-01-15 18:30:00'), 'Dining', 'CAT007', 'Nandos', 'Completed', 'REF025016', 4803.25),
('TXN000127', 'A0003', 'Credit', 3600.00, TIMESTAMP('2025-02-01 09:00:00'), 'BACS Payment', 'CAT001', 'Tech Solutions Ltd', 'Completed', 'REF025017', 8403.25),
('TXN000128', 'A0003', 'Debit', 1200.00, TIMESTAMP('2025-02-03 10:00:00'), 'Rent Payment', 'CAT009', 'Manchester Lettings', 'Completed', 'REF025018', 7203.25),
('TXN000129', 'A0003', 'Debit', 95.00, TIMESTAMP('2025-02-12 09:00:00'), 'Utilities', 'CAT008', 'Scottish Power', 'Completed', 'REF025019', 7108.25),
('TXN000130', 'A0007', 'Credit', 5200.00, TIMESTAMP('2025-01-01 09:00:00'), 'BACS Payment', 'CAT001', 'Finance Corp Ltd', 'Completed', 'REF025020', 12050.00),
('TXN000131', 'A0007', 'Debit', 1800.00, TIMESTAMP('2025-01-03 10:00:00'), 'Rent', 'CAT009', 'Savills', 'Completed', 'REF025021', 10250.00),
('TXN000132', 'A0007', 'Debit', 145.00, TIMESTAMP('2025-01-10 12:00:00'), 'Groceries', 'CAT006', 'Ocado', 'Completed', 'REF025022', 10105.00),
('TXN000133', 'A0007', 'Debit', 500.00, TIMESTAMP('2025-01-15 09:30:00'), 'Transfer to Savings', 'CAT015', 'Internal Transfer', 'Completed', 'REF025023', 9605.00),
('TXN000134', 'A0007', 'Credit', 5200.00, TIMESTAMP('2025-02-01 09:00:00'), 'BACS Payment', 'CAT001', 'Finance Corp Ltd', 'Completed', 'REF025024', 14805.00),
('TXN000135', 'A0007', 'Debit', 1800.00, TIMESTAMP('2025-02-03 10:00:00'), 'Rent', 'CAT009', 'Savills', 'Completed', 'REF025025', 13005.00),
('TXN000136', 'A0007', 'Debit', 120.00, TIMESTAMP('2025-02-08 15:00:00'), 'Shopping', 'CAT013', 'John Lewis', 'Completed', 'REF025026', 12885.00),
('TXN000137', 'A0011', 'Credit', 4600.00, TIMESTAMP('2025-01-01 09:00:00'), 'Salary', 'CAT001', 'NHS Trust', 'Completed', 'REF025027', 9980.00),
('TXN000138', 'A0011', 'Debit', 1300.00, TIMESTAMP('2025-01-03 10:00:00'), 'Rent', 'CAT009', 'Leeds Lettings', 'Completed', 'REF025028', 8680.00),
('TXN000139', 'A0011', 'Debit', 100.00, TIMESTAMP('2025-01-07 12:00:00'), 'Utilities', 'CAT008', 'Yorkshire Water', 'Completed', 'REF025029', 8580.00),
('TXN000140', 'A0011', 'Debit', 190.00, TIMESTAMP('2025-01-15 09:30:00'), 'Car Insurance', 'CAT018', 'Direct Line', 'Completed', 'REF025030', 8390.00),
('TXN000141', 'A0011', 'Debit', 125.00, TIMESTAMP('2025-01-20 14:00:00'), 'Loan Payment', 'CAT017', 'Student Loans Company', 'Completed', 'REF025031', 8265.00),
('TXN000142', 'A0013', 'Credit', 7000.00, TIMESTAMP('2025-01-01 09:00:00'), 'BACS Payment', 'CAT001', 'Investment Bank PLC', 'Completed', 'REF025032', 20050.75),
('TXN000143', 'A0013', 'Debit', 2500.00, TIMESTAMP('2025-01-03 10:00:00'), 'Rent', 'CAT009', 'Canary Wharf Estates', 'Completed', 'REF025033', 17550.75),
('TXN000144', 'A0013', 'Debit', 600.00, TIMESTAMP('2025-01-10 11:00:00'), 'Investment', 'CAT019', 'Hargreaves Lansdown', 'Completed', 'REF025034', 16950.75),
('TXN000145', 'A0013', 'Debit', 180.00, TIMESTAMP('2025-01-18 19:00:00'), 'Entertainment', 'CAT014', 'National Theatre', 'Completed', 'REF025035', 16770.75),
('TXN000146', 'A0018', 'Credit', 9800.00, TIMESTAMP('2025-01-01 09:00:00'), 'BACS Payment', 'CAT001', 'Law Firm LLP', 'Completed', 'REF025036', 32260.50),
('TXN000147', 'A0018', 'Debit', 3200.00, TIMESTAMP('2025-01-03 10:00:00'), 'Mortgage', 'CAT010', 'Halifax', 'Completed', 'REF025037', 29060.50),
('TXN000148', 'A0018', 'Debit', 900.00, TIMESTAMP('2025-01-12 09:00:00'), 'Investment', 'CAT019', 'Vanguard UK', 'Completed', 'REF025038', 28160.50),
('TXN000149', 'A0018', 'Debit', 320.00, TIMESTAMP('2025-01-18 14:00:00'), 'Shopping', 'CAT013', 'Harrods', 'Completed', 'REF025039', 27840.50),
('TXN000150', 'A0018', 'Credit', 9800.00, TIMESTAMP('2025-02-01 09:00:00'), 'BACS Payment', 'CAT001', 'Law Firm LLP', 'Completed', 'REF025040', 37640.50),
('TXN000151', 'A0018', 'Debit', 3200.00, TIMESTAMP('2025-02-03 10:00:00'), 'Mortgage', 'CAT010', 'Halifax', 'Completed', 'REF025041', 34440.50),
('TXN000152', 'A0021', 'Credit', 4300.00, TIMESTAMP('2025-01-01 09:00:00'), 'Salary', 'CAT001', 'Tech Startup Ltd', 'Completed', 'REF025042', 8740.00),
('TXN000153', 'A0021', 'Debit', 1500.00, TIMESTAMP('2025-01-03 10:00:00'), 'Rent', 'CAT009', 'Bristol Living', 'Completed', 'REF025043', 7240.00),
('TXN000154', 'A0021', 'Debit', 82.00, TIMESTAMP('2025-01-10 12:30:00'), 'Groceries', 'CAT006', 'Waitrose', 'Completed', 'REF025044', 7158.00),
('TXN000155', 'A0021', 'Debit', 10.99, TIMESTAMP('2025-01-15 00:00:00'), 'Entertainment', 'CAT014', 'Spotify', 'Completed', 'REF025045', 7147.01),
('TXN000156', 'A0023', 'Credit', 5400.00, TIMESTAMP('2025-01-01 09:00:00'), 'BACS Payment', 'CAT001', 'Media Group PLC', 'Completed', 'REF025046', 13415.25),
('TXN000157', 'A0023', 'Debit', 2200.00, TIMESTAMP('2025-01-03 10:00:00'), 'Rent', 'CAT009', 'Glasgow Property', 'Completed', 'REF025047', 11215.25),
('TXN000158', 'A0023', 'Debit', 290.00, TIMESTAMP('2025-01-12 11:00:00'), 'Insurance', 'CAT018', 'Admiral', 'Completed', 'REF025048', 10925.25),
('TXN000159', 'A0031', 'Credit', 6000.00, TIMESTAMP('2025-01-01 09:00:00'), 'Salary', 'CAT001', 'Consulting Group', 'Completed', 'REF025049', 14790.25),
('TXN000160', 'A0031', 'Debit', 2400.00, TIMESTAMP('2025-01-03 10:00:00'), 'Rent', 'CAT009', 'West End Estates', 'Completed', 'REF025050', 12390.25),
('TXN000161', 'A0031', 'Debit', 650.00, TIMESTAMP('2025-01-12 09:00:00'), 'Investment', 'CAT019', 'AJ Bell', 'Completed', 'REF025051', 11740.25),
('TXN000162', 'A0035', 'Credit', 7400.00, TIMESTAMP('2025-01-01 09:00:00'), 'BACS Payment', 'CAT001', 'Hedge Fund Partners', 'Completed', 'REF025052', 22634.50),
('TXN000163', 'A0035', 'Debit', 2800.00, TIMESTAMP('2025-01-03 10:00:00'), 'Mortgage', 'CAT010', 'Barclays', 'Completed', 'REF025053', 19834.50),
('TXN000164', 'A0035', 'Debit', 1100.00, TIMESTAMP('2025-01-15 11:00:00'), 'Investment', 'CAT019', 'Interactive Investor', 'Completed', 'REF025054', 18734.50),
('TXN000165', 'A0039', 'Credit', 12500.00, TIMESTAMP('2025-01-01 09:00:00'), 'Salary', 'CAT001', 'Magic Circle Law', 'Completed', 'REF025055', 46900.00),
('TXN000166', 'A0039', 'Debit', 4500.00, TIMESTAMP('2025-01-03 10:00:00'), 'Mortgage', 'CAT010', 'HSBC', 'Completed', 'REF025056', 42400.00),
('TXN000167', 'A0039', 'Debit', 1600.00, TIMESTAMP('2025-01-12 09:00:00'), 'Investment', 'CAT019', 'Fidelity UK', 'Completed', 'REF025057', 40800.00),
('TXN000168', 'A0039', 'Debit', 280.00, TIMESTAMP('2025-01-20 19:00:00'), 'Dining', 'CAT007', 'The Ritz', 'Completed', 'REF025058', 40520.00),
('TXN000169', 'A0042', 'Credit', 4700.00, TIMESTAMP('2025-01-01 09:00:00'), 'BACS Payment', 'CAT001', 'Software House Ltd', 'Completed', 'REF025059', 10607.51),
('TXN000170', 'A0042', 'Debit', 1700.00, TIMESTAMP('2025-01-03 10:00:00'), 'Rent', 'CAT009', 'Bristol Homes', 'Completed', 'REF025060', 8907.51),
('TXN000171', 'A0042', 'Debit', 210.00, TIMESTAMP('2025-01-10 14:00:00'), 'Utilities', 'CAT008', 'Bristol Energy', 'Completed', 'REF025061', 8697.51),
('TXN000172', 'A0044', 'Credit', 5600.00, TIMESTAMP('2025-01-01 09:00:00'), 'Salary', 'CAT001', 'Publishing House', 'Completed', 'REF025062', 14606.25),
('TXN000173', 'A0044', 'Debit', 2600.00, TIMESTAMP('2025-01-03 10:00:00'), 'Rent', 'CAT009', 'Glasgow Central Lets', 'Completed', 'REF025063', 12006.25),
('TXN000174', 'A0044', 'Debit', 310.00, TIMESTAMP('2025-01-12 10:30:00'), 'Insurance', 'CAT018', 'Scottish Widows', 'Completed', 'REF025064', 11696.25),
('TXN000175', 'A0002', 'Credit', 68.75, TIMESTAMP('2025-01-31 00:00:00'), 'Monthly Interest', 'CAT002', 'Bank Interest', 'Completed', 'REF025065', 19568.75),
('TXN000176', 'A0008', 'Credit', 162.40, TIMESTAMP('2025-01-31 00:00:00'), 'Monthly Interest', 'CAT002', 'Bank Interest', 'Completed', 'REF025066', 40762.40),
('TXN000177', 'A0014', 'Credit', 282.20, TIMESTAMP('2025-01-31 00:00:00'), 'Monthly Interest', 'CAT002', 'Bank Interest', 'Completed', 'REF025067', 66682.20),
('TXN000178', 'A0019', 'Credit', 615.15, TIMESTAMP('2025-01-31 00:00:00'), 'Monthly Interest', 'CAT002', 'Bank Interest', 'Completed', 'REF025068', 137315.15),
('TXN000179', 'A0024', 'Credit', 149.92, TIMESTAMP('2025-01-31 00:00:00'), 'Monthly Interest', 'CAT002', 'Bank Interest', 'Completed', 'REF025069', 37629.92),
('TXN000180', 'A0005', 'Credit', 3300.00, TIMESTAMP('2025-01-01 09:00:00'), 'Salary', 'CAT001', 'Marketing Agency', 'Completed', 'REF025070', 6525.50),
('TXN000181', 'A0005', 'Debit', 1100.00, TIMESTAMP('2025-01-03 10:00:00'), 'Mortgage', 'CAT010', 'Nationwide', 'Completed', 'REF025071', 5425.50),
('TXN000182', 'A0005', 'Debit', 185.00, TIMESTAMP('2025-01-08 14:00:00'), 'Insurance', 'CAT018', 'Aviva', 'Completed', 'REF025072', 5240.50),
('TXN000183', 'A0005', 'Debit', 72.00, TIMESTAMP('2025-01-15 12:30:00'), 'Groceries', 'CAT006', 'Asda', 'Completed', 'REF025073', 5168.50),
('TXN000184', 'A0009', 'Credit', 4000.00, TIMESTAMP('2025-01-01 09:00:00'), 'Salary', 'CAT001', 'Consulting Partners', 'Completed', 'REF025074', 7225.50),
('TXN000185', 'A0009', 'Debit', 1400.00, TIMESTAMP('2025-01-03 10:00:00'), 'Rent', 'CAT009', 'Westminster Properties', 'Completed', 'REF025075', 5825.50),
('TXN000186', 'A0009', 'Debit', 160.00, TIMESTAMP('2025-01-12 09:00:00'), 'Transport', 'CAT011', 'TfL Oyster', 'Completed', 'REF025076', 5665.50),
('TXN000187', 'A0016', 'Credit', 2500.00, TIMESTAMP('2025-01-01 09:00:00'), 'Salary', 'CAT001', 'Retail Ltd', 'Completed', 'REF025077', 4330.25),
('TXN000188', 'A0016', 'Debit', 850.00, TIMESTAMP('2025-01-03 10:00:00'), 'Rent', 'CAT009', 'Birmingham Homes', 'Completed', 'REF025078', 3480.25),
('TXN000189', 'A0016', 'Debit', 48.00, TIMESTAMP('2025-01-10 13:00:00'), 'Groceries', 'CAT006', 'Aldi', 'Completed', 'REF025079', 3432.25),
('TXN000190', 'A0025', 'Credit', 3700.00, TIMESTAMP('2025-01-01 09:00:00'), 'Salary', 'CAT001', 'Insurance Co Ltd', 'Completed', 'REF025080', 6372.50),
('TXN000191', 'A0025', 'Debit', 1350.00, TIMESTAMP('2025-01-03 10:00:00'), 'Rent', 'CAT009', 'Cambridge Lets', 'Completed', 'REF025081', 5022.50),
('TXN000192', 'A0025', 'Debit', 95.00, TIMESTAMP('2025-01-10 14:00:00'), 'Utilities', 'CAT008', 'EDF Energy', 'Completed', 'REF025082', 4927.50),
('TXN000193', 'A0027', 'Credit', 4500.00, TIMESTAMP('2025-01-01 09:00:00'), 'BACS Payment', 'CAT001', 'Business Services Ltd', 'Completed', 'REF025083', 7773.25),
('TXN000194', 'A0027', 'Debit', 1600.00, TIMESTAMP('2025-01-03 10:00:00'), 'Rent', 'CAT009', 'London Flats Ltd', 'Completed', 'REF025084', 6173.25),
('TXN000195', 'A0027', 'Debit', 260.00, TIMESTAMP('2025-01-10 11:30:00'), 'Healthcare', 'CAT012', 'Bupa', 'Completed', 'REF025085', 5913.25),
-- 2026 Transactions
('TXN000196', 'A0001', 'Credit', 4600.00, TIMESTAMP('2026-01-01 09:00:00'), 'BACS Payment - Salary', 'CAT001', 'Employer Ltd', 'Completed', 'REF026001', 17149.01),
('TXN000197', 'A0001', 'Debit', 1500.00, TIMESTAMP('2026-01-03 10:00:00'), 'Rent Payment', 'CAT009', 'Foxtons Lettings', 'Completed', 'REF026002', 15649.01),
('TXN000198', 'A0001', 'Debit', 125.00, TIMESTAMP('2026-01-06 14:30:00'), 'Grocery Shopping', 'CAT006', 'Tesco', 'Completed', 'REF026003', 15524.01),
('TXN000199', 'A0001', 'Debit', 145.00, TIMESTAMP('2026-01-10 09:00:00'), 'Utilities', 'CAT008', 'British Gas', 'Completed', 'REF026004', 15379.01),
('TXN000200', 'A0001', 'Debit', 75.00, TIMESTAMP('2026-01-15 19:30:00'), 'Dining', 'CAT007', 'Dishoom', 'Completed', 'REF026005', 15304.01),
('TXN000201', 'A0001', 'Debit', 15.99, TIMESTAMP('2026-01-16 00:00:00'), 'Streaming', 'CAT014', 'Netflix', 'Completed', 'REF026006', 15288.02),
('TXN000202', 'A0001', 'Debit', 500.00, TIMESTAMP('2026-01-18 09:30:00'), 'Transfer to Savings', 'CAT015', 'Internal Transfer', 'Completed', 'REF026007', 14788.02),
('TXN000203', 'A0001', 'Debit', 62.00, TIMESTAMP('2026-01-20 08:15:00'), 'Petrol', 'CAT011', 'BP', 'Completed', 'REF026008', 14726.02),
('TXN000204', 'A0001', 'Debit', 250.00, TIMESTAMP('2026-01-22 11:00:00'), 'ATM Withdrawal', 'CAT016', 'ATM', 'Completed', 'REF026009', 14476.02),
('TXN000205', 'A0001', 'Debit', 98.50, TIMESTAMP('2026-01-25 16:00:00'), 'Shopping', 'CAT013', 'Amazon UK', 'Completed', 'REF026010', 14377.52),
('TXN000206', 'A0002', 'Credit', 500.00, TIMESTAMP('2026-01-18 09:30:00'), 'Transfer from Current', 'CAT003', 'Internal Transfer', 'Completed', 'REF026011', 20068.75),
('TXN000207', 'A0002', 'Credit', 70.24, TIMESTAMP('2026-01-31 00:00:00'), 'Monthly Interest', 'CAT002', 'Bank Interest', 'Completed', 'REF026012', 20138.99),
('TXN000208', 'A0003', 'Credit', 3800.00, TIMESTAMP('2026-01-01 09:00:00'), 'BACS Payment', 'CAT001', 'Tech Solutions Ltd', 'Completed', 'REF026013', 11203.25),
('TXN000209', 'A0003', 'Debit', 1250.00, TIMESTAMP('2026-01-03 10:00:00'), 'Rent Payment', 'CAT009', 'Manchester Lettings', 'Completed', 'REF026014', 9953.25),
('TXN000210', 'A0003', 'Debit', 72.00, TIMESTAMP('2026-01-08 13:00:00'), 'Groceries', 'CAT006', 'Sainsburys', 'Completed', 'REF026015', 9881.25),
('TXN000211', 'A0003', 'Debit', 100.00, TIMESTAMP('2026-01-15 09:00:00'), 'Utilities', 'CAT008', 'Scottish Power', 'Completed', 'REF026016', 9781.25),
('TXN000212', 'A0003', 'Debit', 38.50, TIMESTAMP('2026-01-18 18:30:00'), 'Dining', 'CAT007', 'Nandos', 'Completed', 'REF026017', 9742.75),
('TXN000213', 'A0007', 'Credit', 5400.00, TIMESTAMP('2026-01-01 09:00:00'), 'BACS Payment', 'CAT001', 'Finance Corp Ltd', 'Completed', 'REF026018', 18285.00),
('TXN000214', 'A0007', 'Debit', 1850.00, TIMESTAMP('2026-01-03 10:00:00'), 'Rent', 'CAT009', 'Savills', 'Completed', 'REF026019', 16435.00),
('TXN000215', 'A0007', 'Debit', 155.00, TIMESTAMP('2026-01-10 12:00:00'), 'Groceries', 'CAT006', 'Ocado', 'Completed', 'REF026020', 16280.00),
('TXN000216', 'A0007', 'Debit', 500.00, TIMESTAMP('2026-01-15 09:30:00'), 'Transfer to Savings', 'CAT015', 'Internal Transfer', 'Completed', 'REF026021', 15780.00),
('TXN000217', 'A0007', 'Debit', 135.00, TIMESTAMP('2026-01-20 15:00:00'), 'Shopping', 'CAT013', 'John Lewis', 'Completed', 'REF026022', 15645.00),
('TXN000218', 'A0008', 'Credit', 500.00, TIMESTAMP('2026-01-15 09:30:00'), 'Transfer from Current', 'CAT003', 'Internal Transfer', 'Completed', 'REF026023', 41262.40),
('TXN000219', 'A0008', 'Credit', 165.05, TIMESTAMP('2026-01-31 00:00:00'), 'Monthly Interest', 'CAT002', 'Bank Interest', 'Completed', 'REF026024', 41427.45),
('TXN000220', 'A0011', 'Credit', 4800.00, TIMESTAMP('2026-01-01 09:00:00'), 'Salary', 'CAT001', 'NHS Trust', 'Completed', 'REF026025', 13065.00),
('TXN000221', 'A0011', 'Debit', 1350.00, TIMESTAMP('2026-01-03 10:00:00'), 'Rent', 'CAT009', 'Leeds Lettings', 'Completed', 'REF026026', 11715.00),
('TXN000222', 'A0011', 'Debit', 105.00, TIMESTAMP('2026-01-08 12:00:00'), 'Utilities', 'CAT008', 'Yorkshire Water', 'Completed', 'REF026027', 11610.00),
('TXN000223', 'A0011', 'Debit', 195.00, TIMESTAMP('2026-01-15 09:30:00'), 'Car Insurance', 'CAT018', 'Direct Line', 'Completed', 'REF026028', 11415.00),
('TXN000224', 'A0011', 'Debit', 130.00, TIMESTAMP('2026-01-22 14:00:00'), 'Loan Payment', 'CAT017', 'Student Loans Company', 'Completed', 'REF026029', 11285.00),
('TXN000225', 'A0013', 'Credit', 7200.00, TIMESTAMP('2026-01-01 09:00:00'), 'BACS Payment', 'CAT001', 'Investment Bank PLC', 'Completed', 'REF026030', 23970.75),
('TXN000226', 'A0013', 'Debit', 2550.00, TIMESTAMP('2026-01-03 10:00:00'), 'Rent', 'CAT009', 'Canary Wharf Estates', 'Completed', 'REF026031', 21420.75),
('TXN000227', 'A0013', 'Debit', 700.00, TIMESTAMP('2026-01-12 11:00:00'), 'Investment', 'CAT019', 'Hargreaves Lansdown', 'Completed', 'REF026032', 20720.75),
('TXN000228', 'A0013', 'Debit', 200.00, TIMESTAMP('2026-01-18 19:00:00'), 'Entertainment', 'CAT014', 'Royal Albert Hall', 'Completed', 'REF026033', 20520.75),
('TXN000229', 'A0013', 'Debit', 26.99, TIMESTAMP('2026-01-20 08:00:00'), 'Subscription', 'CAT014', 'The Times Digital', 'Completed', 'REF026034', 20493.76),
('TXN000230', 'A0018', 'Credit', 10000.00, TIMESTAMP('2026-01-01 09:00:00'), 'BACS Payment', 'CAT001', 'Law Firm LLP', 'Completed', 'REF026035', 44440.50),
('TXN000231', 'A0018', 'Debit', 3300.00, TIMESTAMP('2026-01-03 10:00:00'), 'Mortgage', 'CAT010', 'Halifax', 'Completed', 'REF026036', 41140.50),
('TXN000232', 'A0018', 'Debit', 1000.00, TIMESTAMP('2026-01-12 09:00:00'), 'Investment', 'CAT019', 'Vanguard UK', 'Completed', 'REF026037', 40140.50),
('TXN000233', 'A0018', 'Debit', 350.00, TIMESTAMP('2026-01-18 14:00:00'), 'Shopping', 'CAT013', 'Selfridges', 'Completed', 'REF026038', 39790.50),
('TXN000234', 'A0018', 'Debit', 150.00, TIMESTAMP('2026-01-22 20:00:00'), 'Dining', 'CAT007', 'Sketch', 'Completed', 'REF026039', 39640.50),
('TXN000235', 'A0021', 'Credit', 4500.00, TIMESTAMP('2026-01-01 09:00:00'), 'Salary', 'CAT001', 'Tech Startup Ltd', 'Completed', 'REF026040', 11647.01),
('TXN000236', 'A0021', 'Debit', 1550.00, TIMESTAMP('2026-01-03 10:00:00'), 'Rent', 'CAT009', 'Bristol Living', 'Completed', 'REF026041', 10097.01),
('TXN000237', 'A0021', 'Debit', 88.00, TIMESTAMP('2026-01-10 12:30:00'), 'Groceries', 'CAT006', 'Waitrose', 'Completed', 'REF026042', 10009.01),
('TXN000238', 'A0021', 'Debit', 200.00, TIMESTAMP('2026-01-15 10:00:00'), 'Transfer to Savings', 'CAT015', 'Internal Transfer', 'Completed', 'REF026043', 9809.01),
('TXN000239', 'A0021', 'Debit', 10.99, TIMESTAMP('2026-01-16 00:00:00'), 'Entertainment', 'CAT014', 'Spotify', 'Completed', 'REF026044', 9798.02),
('TXN000240', 'A0023', 'Credit', 5600.00, TIMESTAMP('2026-01-01 09:00:00'), 'BACS Payment', 'CAT001', 'Media Group PLC', 'Completed', 'REF026045', 16525.25),
('TXN000241', 'A0023', 'Debit', 2250.00, TIMESTAMP('2026-01-03 10:00:00'), 'Rent', 'CAT009', 'Glasgow Property', 'Completed', 'REF026046', 14275.25),
('TXN000242', 'A0023', 'Debit', 300.00, TIMESTAMP('2026-01-12 11:00:00'), 'Insurance', 'CAT018', 'Admiral', 'Completed', 'REF026047', 13975.25),
('TXN000243', 'A0023', 'Debit', 195.00, TIMESTAMP('2026-01-18 17:30:00'), 'Dining', 'CAT007', 'Jamie Oliver Restaurant', 'Completed', 'REF026048', 13780.25),
('TXN000244', 'A0031', 'Credit', 6200.00, TIMESTAMP('2026-01-01 09:00:00'), 'Salary', 'CAT001', 'Consulting Group', 'Completed', 'REF026049', 17940.25),
('TXN000245', 'A0031', 'Debit', 2450.00, TIMESTAMP('2026-01-03 10:00:00'), 'Rent', 'CAT009', 'West End Estates', 'Completed', 'REF026050', 15490.25),
('TXN000246', 'A0031', 'Debit', 700.00, TIMESTAMP('2026-01-12 09:00:00'), 'Investment', 'CAT019', 'AJ Bell', 'Completed', 'REF026051', 14790.25),
('TXN000247', 'A0031', 'Debit', 500.00, TIMESTAMP('2026-01-15 12:00:00'), 'Transfer to Savings', 'CAT015', 'Internal Transfer', 'Completed', 'REF026052', 14290.25),
('TXN000248', 'A0031', 'Debit', 350.00, TIMESTAMP('2026-01-20 18:00:00'), 'Entertainment', 'CAT014', 'Wembley Stadium', 'Completed', 'REF026053', 13940.25),
('TXN000249', 'A0035', 'Credit', 7600.00, TIMESTAMP('2026-01-01 09:00:00'), 'BACS Payment', 'CAT001', 'Hedge Fund Partners', 'Completed', 'REF026054', 26334.50),
('TXN000250', 'A0035', 'Debit', 2850.00, TIMESTAMP('2026-01-03 10:00:00'), 'Mortgage', 'CAT010', 'Barclays', 'Completed', 'REF026055', 23484.50),
('TXN000251', 'A0035', 'Debit', 1200.00, TIMESTAMP('2026-01-15 11:00:00'), 'Investment', 'CAT019', 'Interactive Investor', 'Completed', 'REF026056', 22284.50),
('TXN000252', 'A0035', 'Debit', 420.00, TIMESTAMP('2026-01-20 14:30:00'), 'Insurance', 'CAT018', 'Zurich', 'Completed', 'REF026057', 21864.50),
('TXN000253', 'A0039', 'Credit', 13000.00, TIMESTAMP('2026-01-01 09:00:00'), 'Salary', 'CAT001', 'Magic Circle Law', 'Completed', 'REF026058', 53520.00),
('TXN000254', 'A0039', 'Debit', 4600.00, TIMESTAMP('2026-01-03 10:00:00'), 'Mortgage', 'CAT010', 'HSBC', 'Completed', 'REF026059', 48920.00),
('TXN000255', 'A0039', 'Debit', 1800.00, TIMESTAMP('2026-01-12 09:00:00'), 'Investment', 'CAT019', 'Fidelity UK', 'Completed', 'REF026060', 47120.00),
('TXN000256', 'A0039', 'Debit', 300.00, TIMESTAMP('2026-01-20 19:00:00'), 'Dining', 'CAT007', 'The Ledbury', 'Completed', 'REF026061', 46820.00),
('TXN000257', 'A0039', 'Debit', 400.00, TIMESTAMP('2026-01-25 14:00:00'), 'Charity', 'CAT013', 'Cancer Research UK', 'Completed', 'REF026062', 46420.00),
('TXN000258', 'A0042', 'Credit', 4900.00, TIMESTAMP('2026-01-01 09:00:00'), 'BACS Payment', 'CAT001', 'Software House Ltd', 'Completed', 'REF026063', 13597.51),
('TXN000259', 'A0042', 'Debit', 1750.00, TIMESTAMP('2026-01-03 10:00:00'), 'Rent', 'CAT009', 'Bristol Homes', 'Completed', 'REF026064', 11847.51),
('TXN000260', 'A0042', 'Debit', 220.00, TIMESTAMP('2026-01-10 14:00:00'), 'Utilities', 'CAT008', 'Bristol Energy', 'Completed', 'REF026065', 11627.51),
('TXN000261', 'A0042', 'Debit', 190.00, TIMESTAMP('2026-01-15 11:00:00'), 'Healthcare', 'CAT012', 'Specsavers', 'Completed', 'REF026066', 11437.51),
('TXN000262', 'A0042', 'Debit', 185.00, TIMESTAMP('2026-01-22 16:30:00'), 'Shopping', 'CAT013', 'Next', 'Completed', 'REF026067', 11252.51),
('TXN000263', 'A0044', 'Credit', 5800.00, TIMESTAMP('2026-01-01 09:00:00'), 'Salary', 'CAT001', 'Publishing House', 'Completed', 'REF026068', 17496.25),
('TXN000264', 'A0044', 'Debit', 2650.00, TIMESTAMP('2026-01-03 10:00:00'), 'Rent', 'CAT009', 'Glasgow Central Lets', 'Completed', 'REF026069', 14846.25),
('TXN000265', 'A0044', 'Debit', 320.00, TIMESTAMP('2026-01-12 10:30:00'), 'Insurance', 'CAT018', 'Scottish Widows', 'Completed', 'REF026070', 14526.25),
('TXN000266', 'A0044', 'Debit', 130.00, TIMESTAMP('2026-01-18 19:00:00'), 'Dining', 'CAT007', 'The Kitchin', 'Completed', 'REF026071', 14396.25),
('TXN000267', 'A0044', 'Debit', 85.00, TIMESTAMP('2026-01-22 12:00:00'), 'Transport', 'CAT011', 'ScotRail', 'Completed', 'REF026072', 14311.25),
('TXN000268', 'A0005', 'Credit', 3400.00, TIMESTAMP('2026-01-01 09:00:00'), 'Salary', 'CAT001', 'Marketing Agency', 'Completed', 'REF026073', 8568.50),
('TXN000269', 'A0005', 'Debit', 1150.00, TIMESTAMP('2026-01-03 10:00:00'), 'Mortgage', 'CAT010', 'Nationwide', 'Completed', 'REF026074', 7418.50),
('TXN000270', 'A0005', 'Debit', 190.00, TIMESTAMP('2026-01-08 14:00:00'), 'Insurance', 'CAT018', 'Aviva', 'Completed', 'REF026075', 7228.50),
('TXN000271', 'A0005', 'Debit', 78.00, TIMESTAMP('2026-01-15 12:30:00'), 'Groceries', 'CAT006', 'Asda', 'Completed', 'REF026076', 7150.50),
('TXN000272', 'A0005', 'Debit', 52.00, TIMESTAMP('2026-01-20 17:00:00'), 'Petrol', 'CAT011', 'Shell', 'Completed', 'REF026077', 7098.50),
('TXN000273', 'A0009', 'Credit', 4100.00, TIMESTAMP('2026-01-01 09:00:00'), 'Salary', 'CAT001', 'Consulting Partners', 'Completed', 'REF026078', 9765.50),
('TXN000274', 'A0009', 'Debit', 1450.00, TIMESTAMP('2026-01-03 10:00:00'), 'Rent', 'CAT009', 'Westminster Properties', 'Completed', 'REF026079', 8315.50),
('TXN000275', 'A0009', 'Debit', 165.00, TIMESTAMP('2026-01-12 09:00:00'), 'Transport', 'CAT011', 'TfL Oyster', 'Completed', 'REF026080', 8150.50),
('TXN000276', 'A0009', 'Debit', 65.00, TIMESTAMP('2026-01-18 14:30:00'), 'Dining', 'CAT007', 'Pizza Express', 'Completed', 'REF026081', 8085.50),
('TXN000277', 'A0009', 'Debit', 155.00, TIMESTAMP('2026-01-22 16:00:00'), 'Shopping', 'CAT013', 'Marks & Spencer', 'Completed', 'REF026082', 7930.50),
('TXN000278', 'A0016', 'Credit', 2600.00, TIMESTAMP('2026-01-01 09:00:00'), 'Salary', 'CAT001', 'Retail Ltd', 'Completed', 'REF026083', 6032.25),
('TXN000279', 'A0016', 'Debit', 880.00, TIMESTAMP('2026-01-03 10:00:00'), 'Rent', 'CAT009', 'Birmingham Homes', 'Completed', 'REF026084', 5152.25),
('TXN000280', 'A0016', 'Debit', 52.00, TIMESTAMP('2026-01-10 13:00:00'), 'Groceries', 'CAT006', 'Aldi', 'Completed', 'REF026085', 5100.25),
('TXN000281', 'A0016', 'Debit', 22.00, TIMESTAMP('2026-01-15 19:30:00'), 'Dining', 'CAT007', 'Greggs', 'Completed', 'REF026086', 5078.25),
('TXN000282', 'A0025', 'Credit', 3800.00, TIMESTAMP('2026-01-01 09:00:00'), 'Salary', 'CAT001', 'Insurance Co Ltd', 'Completed', 'REF026087', 8727.50),
('TXN000283', 'A0025', 'Debit', 1400.00, TIMESTAMP('2026-01-03 10:00:00'), 'Rent', 'CAT009', 'Cambridge Lets', 'Completed', 'REF026088', 7327.50),
('TXN000284', 'A0025', 'Debit', 100.00, TIMESTAMP('2026-01-10 14:00:00'), 'Utilities', 'CAT008', 'EDF Energy', 'Completed', 'REF026089', 7227.50),
('TXN000285', 'A0025', 'Debit', 260.00, TIMESTAMP('2026-01-15 09:30:00'), 'Loan Payment', 'CAT017', 'Car Finance', 'Completed', 'REF026090', 6967.50),
('TXN000286', 'A0027', 'Credit', 4600.00, TIMESTAMP('2026-01-01 09:00:00'), 'BACS Payment', 'CAT001', 'Business Services Ltd', 'Completed', 'REF026091', 10513.25),
('TXN000287', 'A0027', 'Debit', 1650.00, TIMESTAMP('2026-01-03 10:00:00'), 'Rent', 'CAT009', 'London Flats Ltd', 'Completed', 'REF026092', 8863.25),
('TXN000288', 'A0027', 'Debit', 270.00, TIMESTAMP('2026-01-10 11:30:00'), 'Healthcare', 'CAT012', 'Bupa', 'Completed', 'REF026093', 8593.25),
('TXN000289', 'A0027', 'Debit', 130.00, TIMESTAMP('2026-01-18 15:00:00'), 'Groceries', 'CAT006', 'Morrisons', 'Completed', 'REF026094', 8463.25),
('TXN000290', 'A0027', 'Debit', 95.00, TIMESTAMP('2026-01-22 19:00:00'), 'Dining', 'CAT007', 'Prezzo', 'Completed', 'REF026095', 8368.25),
('TXN000291', 'A0014', 'Credit', 287.25, TIMESTAMP('2026-01-31 00:00:00'), 'Monthly Interest', 'CAT002', 'Bank Interest', 'Completed', 'REF026096', 66969.45),
('TXN000292', 'A0019', 'Credit', 627.50, TIMESTAMP('2026-01-31 00:00:00'), 'Monthly Interest', 'CAT002', 'Bank Interest', 'Completed', 'REF026097', 137942.65),
('TXN000293', 'A0024', 'Credit', 152.80, TIMESTAMP('2026-01-31 00:00:00'), 'Monthly Interest', 'CAT002', 'Bank Interest', 'Completed', 'REF026098', 37782.72),
('TXN000294', 'A0022', 'Credit', 200.00, TIMESTAMP('2026-01-15 09:30:00'), 'Transfer from Current', 'CAT003', 'Internal Transfer', 'Completed', 'REF026099', 17380.00),
('TXN000295', 'A0045', 'Credit', 500.00, TIMESTAMP('2026-01-15 12:00:00'), 'Transfer from Current', 'CAT003', 'Internal Transfer', 'Completed', 'REF026100', 43470.00),
('TXN000296', 'A0066', 'Credit', 500.00, TIMESTAMP('2026-01-15 12:00:00'), 'Transfer from Current', 'CAT003', 'Internal Transfer', 'Completed', 'REF026101', 41515.00),
('TXN000297', 'A0006', 'Credit', 147.50, TIMESTAMP('2026-01-31 00:00:00'), 'Monthly Interest', 'CAT002', 'Bank Interest', 'Completed', 'REF026102', 35147.50),
('TXN000298', 'A0015', 'Credit', 439.65, TIMESTAMP('2026-01-31 00:00:00'), 'Monthly Interest', 'CAT002', 'Bank Interest', 'Completed', 'REF026103', 98139.65),
('TXN000299', 'A0041', 'Credit', 1367.00, TIMESTAMP('2026-01-31 00:00:00'), 'Monthly Interest', 'CAT002', 'Bank Interest', 'Completed', 'REF026104', 274767.00),
('TXN000300', 'A0061', 'Credit', 1249.50, TIMESTAMP('2026-01-31 00:00:00'), 'Monthly Interest', 'CAT002', 'Bank Interest', 'Completed', 'REF026105', 251149.50),
-- Transactions with NULL values for profiling
('TXN000301', 'A0001', 'Debit', 45.00, TIMESTAMP('2025-04-05 14:30:00'), NULL, 'CAT006', 'Tesco', 'Completed', 'REF025086', 12304.01),
('TXN000302', 'A0001', 'Debit', 28.50, TIMESTAMP('2025-04-08 18:00:00'), 'Quick purchase', NULL, NULL, 'Completed', 'REF025087', 12275.51),
('TXN000303', 'A0003', 'Debit', 150.00, TIMESTAMP('2025-04-10 11:00:00'), NULL, NULL, NULL, 'Completed', NULL, NULL),
('TXN000304', 'A0005', 'Credit', 200.00, TIMESTAMP('2025-04-12 09:00:00'), NULL, 'CAT004', NULL, 'Completed', NULL, 5368.50),
('TXN000305', 'A0007', 'Debit', 85.00, TIMESTAMP('2025-04-15 16:45:00'), 'Card payment', NULL, NULL, 'Completed', 'REF025088', NULL),
('TXN000306', 'A0009', 'Debit', 32.00, TIMESTAMP('2025-04-18 12:30:00'), NULL, 'CAT007', NULL, 'Completed', NULL, 5633.50),
('TXN000307', 'A0011', 'Debit', 67.50, TIMESTAMP('2025-04-20 14:00:00'), NULL, NULL, 'Unknown Merchant', 'Completed', NULL, 8197.50),
('TXN000308', 'A0013', 'Debit', 120.00, TIMESTAMP('2025-04-22 10:30:00'), 'POS Transaction', NULL, NULL, 'Completed', NULL, NULL),
('TXN000309', 'A0016', 'Debit', 15.99, TIMESTAMP('2025-04-25 08:00:00'), NULL, 'CAT014', NULL, 'Completed', 'REF025089', 3416.26),
('TXN000310', 'A0018', 'Debit', 250.00, TIMESTAMP('2025-04-28 11:00:00'), NULL, NULL, NULL, 'Completed', NULL, 27590.50),
('TXN000311', 'A0021', 'Debit', 42.00, TIMESTAMP('2025-05-02 13:15:00'), NULL, 'CAT006', NULL, 'Completed', NULL, NULL),
('TXN000312', 'A0023', 'Debit', 98.00, TIMESTAMP('2025-05-05 17:30:00'), 'Card purchase', NULL, NULL, 'Completed', NULL, 10827.25),
('TXN000313', 'A0025', 'Credit', 50.00, TIMESTAMP('2025-05-08 09:00:00'), NULL, 'CAT005', NULL, 'Completed', NULL, 4977.50),
('TXN000314', 'A0027', 'Debit', 180.00, TIMESTAMP('2025-05-10 15:00:00'), NULL, NULL, NULL, 'Pending', NULL, NULL),
('TXN000315', 'A0031', 'Debit', 75.00, TIMESTAMP('2025-05-12 19:45:00'), NULL, 'CAT007', NULL, 'Completed', 'REF025090', 11665.25),
('TXN000316', 'A0035', 'Debit', 320.00, TIMESTAMP('2025-05-15 10:00:00'), 'Investment transfer', NULL, NULL, 'Completed', NULL, NULL),
('TXN000317', 'A0039', 'Debit', 500.00, TIMESTAMP('2025-05-18 14:30:00'), NULL, NULL, NULL, 'Completed', NULL, 40020.00),
('TXN000318', 'A0042', 'Debit', 55.00, TIMESTAMP('2025-05-20 12:00:00'), NULL, 'CAT006', NULL, 'Completed', NULL, 8642.51),
('TXN000319', 'A0044', 'Debit', 89.00, TIMESTAMP('2025-05-22 16:30:00'), NULL, NULL, 'Local Shop', 'Completed', NULL, NULL),
('TXN000320', 'A0001', 'Debit', 200.00, TIMESTAMP('2025-05-25 11:00:00'), NULL, 'CAT016', 'ATM', 'Completed', NULL, 12104.01),
('TXN000321', 'A0003', 'Debit', 35.00, TIMESTAMP('2025-05-28 18:45:00'), NULL, NULL, NULL, 'Completed', NULL, NULL),
('TXN000322', 'A0007', 'Credit', 150.00, TIMESTAMP('2025-06-01 09:00:00'), NULL, 'CAT005', NULL, 'Completed', NULL, 12955.00),
('TXN000323', 'A0011', 'Debit', 45.00, TIMESTAMP('2025-06-03 14:00:00'), 'Contactless payment', NULL, NULL, 'Completed', NULL, 8152.50),
('TXN000324', 'A0013', 'Debit', 280.00, TIMESTAMP('2025-06-05 10:30:00'), NULL, 'CAT019', NULL, 'Completed', NULL, NULL),
('TXN000325', 'A0018', 'Debit', 175.00, TIMESTAMP('2025-06-08 16:00:00'), NULL, NULL, NULL, 'Completed', NULL, 27415.50),
('TXN000326', 'A0021', 'Debit', 22.50, TIMESTAMP('2025-06-10 12:30:00'), NULL, 'CAT007', NULL, 'Completed', NULL, NULL),
('TXN000327', 'A0025', 'Debit', 95.00, TIMESTAMP('2025-06-12 09:00:00'), NULL, NULL, 'Service Provider', 'Completed', NULL, 4882.50),
('TXN000328', 'A0031', 'Debit', 450.00, TIMESTAMP('2025-06-15 11:30:00'), NULL, 'CAT015', NULL, 'Completed', NULL, NULL),
('TXN000329', 'A0039', 'Credit', 1200.00, TIMESTAMP('2025-06-18 09:00:00'), NULL, 'CAT001', NULL, 'Completed', NULL, 41220.00),
('TXN000330', 'A0044', 'Debit', 65.00, TIMESTAMP('2025-06-20 15:45:00'), NULL, NULL, NULL, 'Completed', NULL, NULL),
('TXN000331', 'A0001', 'Debit', 112.00, TIMESTAMP('2026-01-28 10:00:00'), NULL, 'CAT013', NULL, 'Completed', NULL, 14265.52),
('TXN000332', 'A0003', 'Debit', 28.00, TIMESTAMP('2026-01-25 14:30:00'), NULL, NULL, NULL, 'Pending', NULL, NULL),
('TXN000333', 'A0007', 'Debit', 95.00, TIMESTAMP('2026-01-27 11:00:00'), 'Online purchase', NULL, NULL, 'Completed', NULL, 15550.00),
('TXN000334', 'A0011', 'Debit', 38.50, TIMESTAMP('2026-01-26 16:00:00'), NULL, 'CAT006', NULL, 'Completed', NULL, NULL),
('TXN000335', 'A0013', 'Debit', 165.00, TIMESTAMP('2026-01-28 09:30:00'), NULL, NULL, NULL, 'Completed', NULL, 20328.76),
('TXN000336', 'A0018', 'Debit', 88.00, TIMESTAMP('2026-01-27 13:00:00'), NULL, 'CAT007', NULL, 'Completed', NULL, NULL),
('TXN000337', 'A0023', 'Debit', 55.00, TIMESTAMP('2026-01-25 17:30:00'), NULL, NULL, 'Retailer', 'Completed', NULL, 13725.25),
('TXN000338', 'A0027', 'Debit', 42.00, TIMESTAMP('2026-01-28 12:00:00'), 'Card payment', NULL, NULL, 'Completed', NULL, NULL),
('TXN000339', 'A0035', 'Debit', 185.00, TIMESTAMP('2026-01-26 10:30:00'), NULL, 'CAT013', NULL, 'Completed', NULL, 21679.50),
('TXN000340', 'A0042', 'Debit', 33.00, TIMESTAMP('2026-01-27 14:00:00'), NULL, NULL, NULL, 'Completed', NULL, NULL);

-- ============================================
-- 6. CARDS TABLE
-- ============================================
CREATE OR REPLACE TABLE `autonomous_data_analyst.cards` (
  card_id STRING NOT NULL,
  account_id STRING NOT NULL,
  card_type STRING NOT NULL,
  card_number_last_four STRING NOT NULL,
  expiration_date DATE NOT NULL,
  issued_date DATE NOT NULL,
  credit_limit NUMERIC,
  status STRING DEFAULT 'Active',
  daily_limit NUMERIC,
  pin_attempts INT64 DEFAULT 0,
  is_contactless BOOL DEFAULT TRUE
);

INSERT INTO `autonomous_data_analyst.cards` VALUES
('CRD001', 'A0001', 'Debit', '4521', '2026-03-31', '2022-03-15', NULL, 'Active', 800.00, 0, TRUE),
('CRD002', 'A0001', 'Credit', '7832', '2027-01-31', '2023-01-10', 4000.00, 'Active', 2000.00, 0, TRUE),
('CRD003', 'A0003', 'Debit', '1234', '2025-06-30', '2021-06-20', NULL, 'Active', 600.00, 0, TRUE),
('CRD004', 'A0003', 'Credit', '5678', '2026-09-30', '2022-09-05', 2400.00, 'Active', 1200.00, 0, TRUE),
('CRD005', 'A0005', 'Debit', '9012', '2025-11-30', '2021-11-18', NULL, 'Active', 400.00, 0, TRUE),
('CRD006', 'A0007', 'Debit', '3456', '2026-04-30', '2022-04-12', NULL, 'Active', 1200.00, 0, TRUE),
('CRD007', 'A0007', 'Credit', '7890', '2027-08-31', '2023-08-20', 8000.00, 'Active', 4000.00, 0, TRUE),
('CRD008', 'A0009', 'Debit', '2345', '2025-08-31', '2021-08-25', NULL, 'Active', 500.00, 0, TRUE),
('CRD009', 'A0011', 'Debit', '6789', '2026-01-31', '2022-01-08', NULL, 'Active', 800.00, 0, TRUE),
('CRD010', 'A0011', 'Credit', '0123', '2027-05-31', '2023-05-15', 6000.00, 'Active', 2800.00, 0, TRUE),
('CRD011', 'A0013', 'Debit', '4567', '2025-10-31', '2021-10-22', NULL, 'Active', 1600.00, 0, TRUE),
('CRD012', 'A0013', 'Credit', '8901', '2026-12-31', '2022-12-18', 12000.00, 'Active', 6000.00, 0, TRUE),
('CRD013', 'A0016', 'Debit', '2346', '2026-02-28', '2022-02-14', NULL, 'Active', 400.00, 0, TRUE),
('CRD014', 'A0018', 'Debit', '5679', '2025-09-30', '2021-09-30', NULL, 'Active', 2400.00, 0, TRUE),
('CRD015', 'A0018', 'Credit', '9013', '2027-03-31', '2023-03-25', 20000.00, 'Active', 8000.00, 0, TRUE),
('CRD016', 'A0021', 'Debit', '3457', '2026-06-30', '2022-06-08', NULL, 'Active', 600.00, 0, TRUE),
('CRD017', 'A0021', 'Credit', '7891', '2027-11-30', '2023-11-12', 4800.00, 'Active', 2400.00, 0, TRUE),
('CRD018', 'A0023', 'Debit', '1235', '2025-12-31', '2021-12-05', NULL, 'Active', 1200.00, 0, TRUE),
('CRD019', 'A0023', 'Credit', '5670', '2026-07-31', '2022-07-22', 9600.00, 'Active', 4800.00, 0, TRUE),
('CRD020', 'A0025', 'Debit', '9014', '2026-05-31', '2022-05-18', NULL, 'Active', 500.00, 0, TRUE),
('CRD021', 'A0027', 'Debit', '3458', '2025-07-31', '2021-07-10', NULL, 'Active', 800.00, 0, TRUE),
('CRD022', 'A0027', 'Credit', '7892', '2027-02-28', '2023-02-28', 6400.00, 'Active', 3200.00, 0, TRUE),
('CRD023', 'A0031', 'Debit', '1236', '2026-08-31', '2022-08-15', NULL, 'Active', 1600.00, 0, TRUE),
('CRD024', 'A0031', 'Credit', '5671', '2027-04-30', '2023-04-08', 16000.00, 'Active', 6400.00, 0, TRUE),
('CRD025', 'A0035', 'Debit', '9015', '2025-04-30', '2021-04-28', NULL, 'Active', 2000.00, 0, TRUE),
('CRD026', 'A0035', 'Credit', '3459', '2026-10-31', '2022-10-12', 24000.00, 'Active', 9600.00, 0, TRUE),
('CRD027', 'A0039', 'Debit', '7893', '2026-11-30', '2022-11-05', NULL, 'Active', 4000.00, 0, TRUE),
('CRD028', 'A0039', 'Credit', '1237', '2027-06-30', '2023-06-18', 40000.00, 'Active', 16000.00, 0, TRUE),
('CRD029', 'A0042', 'Debit', '5672', '2025-05-31', '2021-05-22', NULL, 'Active', 800.00, 0, TRUE),
('CRD030', 'A0042', 'Credit', '9016', '2026-09-30', '2022-09-28', 6400.00, 'Active', 3200.00, 0, TRUE),
('CRD031', 'A0044', 'Debit', '3450', '2026-03-31', '2022-03-10', NULL, 'Active', 1200.00, 0, TRUE),
('CRD032', 'A0044', 'Credit', '7894', '2027-07-31', '2023-07-15', 12000.00, 'Active', 5600.00, 0, TRUE),
('CRD033', 'A0005', 'Credit', '1238', '2025-02-28', '2021-02-18', 2000.00, 'Active', 800.00, 0, FALSE),
('CRD034', 'A0009', 'Credit', '5673', '2026-04-30', '2022-04-05', 4000.00, 'Active', 2000.00, 0, TRUE),
('CRD035', 'A0016', 'Credit', '9017', '2027-01-31', '2023-01-22', 1600.00, 'Active', 800.00, 0, TRUE),
('CRD036', 'A0020', 'Debit', '3451', '2025-06-30', '2021-06-15', NULL, 'Blocked', 600.00, 3, TRUE),
('CRD037', 'A0025', 'Credit', '7895', '2026-08-31', '2022-08-08', 8000.00, 'Active', 4000.00, 0, TRUE),
('CRD038', 'A0033', 'Debit', '1239', '2025-11-30', '2021-11-25', NULL, 'Active', 400.00, 0, TRUE),
('CRD039', 'A0037', 'Debit', '5674', '2026-02-28', '2022-02-20', NULL, 'Active', 250.00, 0, TRUE),
('CRD040', 'A0046', 'Debit', '9018', '2025-09-30', '2021-09-12', NULL, 'Active', 500.00, 0, TRUE),
('CRD041', 'A0048', 'Debit', '3452', '2026-01-31', '2022-01-28', NULL, 'Active', 1000.00, 0, TRUE),
('CRD042', 'A0052', 'Debit', '7896', '2025-07-31', '2021-07-18', NULL, 'Active', 1600.00, 0, TRUE),
('CRD043', 'A0056', 'Debit', '1230', '2026-05-31', '2022-05-08', NULL, 'Active', 550.00, 0, TRUE),
('CRD044', 'A0058', 'Debit', '5675', '2025-10-31', '2021-10-15', NULL, 'Active', 650.00, 0, TRUE),
('CRD045', 'A0060', 'Debit', '9019', '2026-07-31', '2022-07-25', NULL, 'Active', 4000.00, 0, TRUE),
('CRD046', 'A0060', 'Credit', '3453', '2027-09-30', '2023-09-18', 60000.00, 'Active', 20000.00, 0, TRUE),
('CRD047', 'A0063', 'Debit', '7897', '2025-04-30', '2021-04-22', NULL, 'Active', 400.00, 0, TRUE),
('CRD048', 'A0065', 'Debit', '1231', '2026-06-30', '2022-06-28', NULL, 'Active', 1200.00, 0, TRUE),
('CRD049', 'A0069', 'Debit', '5676', '2025-12-31', '2021-12-18', NULL, 'Active', 2000.00, 0, TRUE),
('CRD050', 'A0073', 'Debit', '9010', '2026-03-31', '2022-03-22', NULL, 'Active', 2400.00, 0, TRUE),
('CRD051', 'A0001', 'Debit', '1111', '2024-01-31', '2020-01-20', NULL, 'Expired', 400.00, 0, FALSE),
('CRD052', 'A0013', 'Credit', '2222', '2023-06-30', '2019-06-15', 8000.00, 'Expired', 4000.00, 0, FALSE),
('CRD053', 'A0018', 'Debit', '3333', '2023-12-31', '2019-12-10', NULL, 'Expired', 1600.00, 0, FALSE),
('CRD054', 'A0039', 'Credit', '4444', '2024-03-31', '2020-03-25', 32000.00, 'Expired', 12000.00, 0, FALSE),
('CRD055', 'A0007', 'Credit', '5555', '2024-08-31', '2020-08-18', 6400.00, 'Replaced', 3200.00, 0, FALSE);

-- ============================================
-- 7. LOANS TABLE
-- ============================================
CREATE OR REPLACE TABLE `autonomous_data_analyst.loans` (
  loan_id STRING NOT NULL,
  customer_id STRING NOT NULL,
  loan_type STRING NOT NULL,
  principal_amount NUMERIC NOT NULL,
  interest_rate NUMERIC NOT NULL,
  term_months INT64 NOT NULL,
  monthly_payment NUMERIC NOT NULL,
  start_date DATE NOT NULL,
  end_date DATE NOT NULL,
  remaining_balance NUMERIC,
  status STRING DEFAULT 'Active',
  collateral_type STRING,
  branch_id STRING
);

INSERT INTO `autonomous_data_analyst.loans` VALUES
('LN001', 'C0003', 'Mortgage', 275000.00, 5.50, 300, 1697.24, '2020-05-01', '2045-05-01', 258450.00, 'Active', 'Property', 'BR003'),
('LN002', 'C0005', 'Mortgage', 220000.00, 5.25, 300, 1324.50, '2019-03-01', '2044-03-01', 203900.00, 'Active', 'Property', 'BR002'),
('LN003', 'C0007', 'Mortgage', 430000.00, 4.875, 300, 2478.12, '2018-06-01', '2043-06-01', 389200.00, 'Active', 'Property', 'BR006'),
('LN004', 'C0009', 'Mortgage', 580000.00, 4.50, 300, 3207.65, '2016-09-01', '2041-09-01', 498000.00, 'Active', 'Property', 'BR007'),
('LN005', 'C0011', 'Car Finance', 28000.00, 6.99, 60, 554.65, '2022-01-15', '2027-01-15', 14800.00, 'Active', 'Vehicle', 'BR009'),
('LN006', 'C0012', 'Car Finance', 22000.00, 7.49, 60, 440.12, '2021-06-01', '2026-06-01', 10050.00, 'Active', 'Vehicle', 'BR010'),
('LN007', 'C0015', 'Mortgage', 330000.00, 5.00, 300, 1931.32, '2017-08-01', '2042-08-01', 295500.00, 'Active', 'Property', 'BR002'),
('LN008', 'C0017', 'Mortgage', 485000.00, 4.75, 300, 2763.89, '2018-11-01', '2043-11-01', 436900.00, 'Active', 'Property', 'BR006'),
('LN009', 'C0019', 'Mortgage', 950000.00, 4.25, 300, 5098.18, '2015-02-01', '2040-02-01', 768000.00, 'Active', 'Property', 'BR007'),
('LN010', 'C0021', 'Personal Loan', 12000.00, 8.99, 36, 381.65, '2023-03-01', '2026-03-01', 6500.00, 'Active', NULL, 'BR009'),
('LN011', 'C0023', 'Business Loan', 60000.00, 6.50, 60, 1174.83, '2022-07-01', '2027-07-01', 36400.00, 'Active', 'Business Assets', 'BR001'),
('LN012', 'C0025', 'Car Finance', 33000.00, 6.49, 72, 567.89, '2020-10-01', '2026-10-01', 14850.00, 'Active', 'Vehicle', 'BR002'),
('LN013', 'C0027', 'Personal Loan', 8000.00, 9.99, 24, 369.78, '2023-06-01', '2025-06-01', 4300.00, 'Active', NULL, 'BR006'),
('LN014', 'C0029', 'Mortgage', 1150000.00, 4.00, 300, 6084.31, '2014-04-01', '2039-04-01', 895000.00, 'Active', 'Property', 'BR007'),
('LN015', 'C0031', 'Car Finance', 42000.00, 5.99, 60, 812.92, '2021-11-01', '2026-11-01', 18700.00, 'Active', 'Vehicle', 'BR009'),
('LN016', 'C0033', 'Mortgage', 375000.00, 5.125, 300, 2224.45, '2019-01-01', '2044-01-01', 342200.00, 'Active', 'Property', 'BR001'),
('LN017', 'C0035', 'Mortgage', 455000.00, 4.625, 300, 2553.28, '2017-05-01', '2042-05-01', 401800.00, 'Active', 'Property', 'BR002'),
('LN018', 'C0039', 'Mortgage', 1500000.00, 3.75, 300, 7587.22, '2013-08-01', '2038-08-01', 1120000.00, 'Active', 'Property', 'BR007'),
('LN019', 'C0001', 'Personal Loan', 6000.00, 10.49, 24, 278.82, '2023-09-01', '2025-09-01', 3850.00, 'Active', NULL, 'BR001'),
('LN020', 'C0004', 'Car Finance', 30000.00, 6.25, 60, 582.45, '2022-04-01', '2027-04-01', 16400.00, 'Active', 'Vehicle', 'BR003'),
('LN021', 'C0006', 'Personal Loan', 9500.00, 9.49, 36, 304.12, '2023-01-01', '2026-01-01', 6200.00, 'Active', NULL, 'BR005'),
('LN022', 'C0008', 'Student Loan', 20000.00, 6.30, 120, 224.15, '2022-09-01', '2032-09-01', 17000.00, 'Active', NULL, 'BR004'),
('LN023', 'C0010', 'Car Finance', 25000.00, 6.75, 60, 492.28, '2021-12-01', '2026-12-01', 11350.00, 'Active', 'Vehicle', 'BR008'),
('LN024', 'C0013', 'Business Loan', 40000.00, 7.00, 48, 957.00, '2022-02-01', '2026-02-01', 19800.00, 'Active', 'Business Assets', 'BR001'),
('LN025', 'C0016', 'Personal Loan', 5000.00, 11.49, 24, 234.52, '2023-08-01', '2025-08-01', 3400.00, 'Active', NULL, 'BR005'),
('LN026', 'C0018', 'Student Loan', 14500.00, 6.30, 120, 162.38, '2023-01-01', '2033-01-01', 13300.00, 'Active', NULL, 'BR004'),
('LN027', 'C0020', 'Car Finance', 23000.00, 7.25, 60, 457.89, '2021-08-01', '2026-08-01', 10450.00, 'Active', 'Vehicle', 'BR008'),
('LN028', 'C0022', 'Personal Loan', 7000.00, 10.99, 36, 229.74, '2022-11-01', '2025-11-01', 3200.00, 'Active', NULL, 'BR010'),
('LN029', 'C0024', 'Student Loan', 28000.00, 6.30, 120, 313.55, '2023-08-01', '2033-08-01', 27050.00, 'Active', NULL, 'BR003'),
('LN030', 'C0026', 'Car Finance', 19000.00, 7.49, 48, 458.42, '2022-05-01', '2026-05-01', 9100.00, 'Active', 'Vehicle', 'BR005'),
('LN031', 'C0028', 'Personal Loan', 6000.00, 9.99, 24, 276.28, '2023-04-01', '2025-04-01', 3850.00, 'Active', NULL, 'BR004'),
('LN032', 'C0030', 'Car Finance', 17500.00, 6.99, 60, 347.32, '2021-10-01', '2026-10-01', 7800.00, 'Active', 'Vehicle', 'BR008'),
('LN033', 'C0032', 'Personal Loan', 4000.00, 12.49, 24, 189.18, '2023-07-01', '2025-07-01', 2550.00, 'Active', NULL, 'BR010'),
('LN034', 'C0034', 'Student Loan', 18000.00, 6.30, 120, 201.62, '2022-08-01', '2032-08-01', 15450.00, 'Active', NULL, 'BR003'),
('LN035', 'C0036', 'Car Finance', 21000.00, 6.49, 60, 410.78, '2022-03-01', '2027-03-01', 11500.00, 'Active', 'Vehicle', 'BR005'),
('LN036', 'C0037', 'Personal Loan', 8500.00, 9.25, 36, 271.45, '2023-02-01', '2026-02-01', 5250.00, 'Active', NULL, 'BR006'),
('LN037', 'C0038', 'Student Loan', 24000.00, 6.30, 120, 268.82, '2023-09-01', '2033-09-01', 23350.00, 'Active', NULL, 'BR004'),
('LN038', 'C0040', 'Car Finance', 24500.00, 6.75, 60, 481.12, '2021-06-01', '2026-06-01', 10900.00, 'Active', 'Vehicle', 'BR008'),
('LN039', 'C0002', 'Personal Loan', 0.00, 10.99, 24, 368.45, '2022-03-01', '2024-03-01', 0.00, 'Paid Off', NULL, 'BR001'),
('LN040', 'C0014', 'Car Finance', 0.00, 7.99, 48, 382.92, '2019-08-01', '2023-08-01', 0.00, 'Paid Off', 'Vehicle', 'BR003');
